大白菜,蔬菜,0.9,0.6,0.75,2024-10-19 00:00:00
娃娃菜,蔬菜,1.5,1.2,1.35,2024-10-19 00:00:00
小白菜,蔬菜,1.0,0.8,0.9,2024-10-19 00:00:00
圆白菜,蔬菜,1.4,1.0,1.2,2024-10-19 00:00:00
紫甘蓝,蔬菜,1.4,1.3,1.35,2024-10-19 00:00:00
芹菜,蔬菜,1.7,1.4,1.55,2024-10-19 00:00:00
西芹,蔬菜,4.2,4.0,4.1,2024-10-19 00:00:00
菠菜,蔬菜,1.2,0.8,1.0,2024-10-19 00:00:00
莴笋,蔬菜,2.2,1.2,1.7,2024-10-19 00:00:00
团生菜,蔬菜,2.8,1.3,2.05,2024-10-19 00:00:00
罗马生菜,蔬菜,2.3,1.3,1.8,2024-10-19 00:00:00
散叶生菜,蔬菜,1.3,1.0,1.15,2024-10-19 00:00:00
油菜,蔬菜,1.0,0.6,0.8,2024-10-19 00:00:00
香菜,蔬菜,2.0,1.2,1.6,2024-10-19 00:00:00
茴香,蔬菜,1.5,1.0,1.25,2024-10-19 00:00:00
韭菜,蔬菜,2.5,2.0,2.25,2024-10-19 00:00:00
苦菊,蔬菜,1.6,1.5,1.55,2024-10-19 00:00:00
油麦菜,蔬菜,2.0,1.5,1.75,2024-10-19 00:00:00
散菜花,蔬菜,3.5,2.2,2.85,2024-10-19 00:00:00
绿菜花,蔬菜,3.3,2.5,2.9,2024-10-19 00:00:00
绿豆芽,蔬菜,1.0,0.95,0.98,2024-10-19 00:00:00
黄豆芽,蔬菜,0.9,0.85,0.88,2024-10-19 00:00:00
番茄,蔬菜,3.4,2.5,2.95,2024-10-19 00:00:00
番茄,蔬菜,4.5,3.5,4.0,2024-10-19 00:00:00
番茄,蔬菜,5.0,3.5,4.25,2024-10-19 00:00:00
黄瓜,蔬菜,1.6,0.8,1.2,2024-10-19 00:00:00
黄瓜,蔬菜,2.0,1.0,1.5,2024-10-19 00:00:00
小黄瓜,蔬菜,3.0,2.8,2.9,2024-10-19 00:00:00
小黄瓜,蔬菜,3.6,3.5,3.55,2024-10-19 00:00:00
茄子,蔬菜,2.0,1.1,1.55,2024-10-19 00:00:00
长茄,蔬菜,1.8,1.4,1.6,2024-10-19 00:00:00
线茄,蔬菜,4.0,1.2,2.6,2024-10-19 00:00:00
广茄,蔬菜,3.0,1.0,2.0,2024-10-19 00:00:00
冬瓜,蔬菜,1.7,1.5,1.6,2024-10-19 00:00:00
冬瓜,蔬菜,1.1,0.9,1.0,2024-10-19 00:00:00
毛冬瓜,蔬菜,1.6,1.4,1.5,2024-10-19 00:00:00
架豆,蔬菜,5.0,3.3,4.15,2024-10-19 00:00:00
豆王,蔬菜,5.3,3.2,4.25,2024-10-19 00:00:00
扁豆,蔬菜,4.5,3.5,4.0,2024-10-19 00:00:00
豇豆,蔬菜,4.0,2.5,3.25,2024-10-19 00:00:00
白豆,蔬菜,4.5,3.5,4.0,2024-10-19 00:00:00
油豆,蔬菜,5.0,4.0,4.5,2024-10-19 00:00:00
毛豆,蔬菜,4.0,2.8,3.4,2024-10-19 00:00:00
花生,蔬菜,5.0,2.3,3.65,2024-10-19 00:00:00
玉米,蔬菜,1.6,1.4,1.5,2024-10-19 00:00:00
玉米,蔬菜,1.8,1.6,1.7,2024-10-19 00:00:00
苦瓜,蔬菜,3.0,2.0,2.5,2024-10-19 00:00:00
丝瓜,蔬菜,5.0,2.0,3.5,2024-10-19 00:00:00
西葫芦,蔬菜,2.2,1.2,1.7,2024-10-19 00:00:00
贝贝南瓜,蔬菜,1.5,1.2,1.35,2024-10-19 00:00:00
金丝南瓜,蔬菜,1.2,1.0,1.1,2024-10-19 00:00:00
板栗南瓜,蔬菜,1.8,1.4,1.6,2024-10-19 00:00:00
南北瓜,蔬菜,1.7,1.4,1.55,2024-10-19 00:00:00
尖椒,蔬菜,5.0,3.0,4.0,2024-10-19 00:00:00
红尖椒,蔬菜,10.0,9.0,9.5,2024-10-19 00:00:00
美人椒,蔬菜,6.5,5.5,6.0,2024-10-19 00:00:00
螺丝椒,蔬菜,7.0,5.0,6.0,2024-10-19 00:00:00
柿子椒,蔬菜,3.8,2.5,3.15,2024-10-19 00:00:00
线椒,蔬菜,6.0,5.0,5.5,2024-10-19 00:00:00
杭椒,蔬菜,4.5,4.0,4.25,2024-10-19 00:00:00
小米椒,蔬菜,6.0,5.0,5.5,2024-10-19 00:00:00
彩椒,蔬菜,14.0,12.0,13.0,2024-10-19 00:00:00
白萝卜,蔬菜,0.9,0.6,0.75,2024-10-19 00:00:00
心里美,蔬菜,1.5,1.0,1.25,2024-10-19 00:00:00
卞萝卜,蔬菜,1.4,1.0,1.2,2024-10-19 00:00:00
青萝卜,蔬菜,1.7,1.2,1.45,2024-10-19 00:00:00
胡萝卜,蔬菜,1.4,1.0,1.2,2024-10-19 00:00:00
胡萝卜,蔬菜,1.5,1.3,1.4,2024-10-19 00:00:00
土豆,蔬菜,1.2,0.75,0.98,2024-10-19 00:00:00
葱头,蔬菜,0.9,0.75,0.83,2024-10-19 00:00:00
葱头,蔬菜,1.6,1.4,1.5,2024-10-19 00:00:00
山药,蔬菜,3.5,3.0,3.25,2024-10-19 00:00:00
山药,蔬菜,5.0,3.5,4.25,2024-10-19 00:00:00
山药,蔬菜,7.5,4.0,5.75,2024-10-19 00:00:00
莲藕,蔬菜,3.5,2.5,3.0,2024-10-19 00:00:00
红薯,蔬菜,1.3,0.8,1.05,2024-10-19 00:00:00
红薯,蔬菜,1.8,1.2,1.5,2024-10-19 00:00:00
紫薯,蔬菜,3.3,1.7,2.5,2024-10-19 00:00:00
荸荠,蔬菜,4.0,3.5,3.75,2024-10-19 00:00:00
荸荠,蔬菜,7.5,7.0,7.25,2024-10-19 00:00:00
芋头,蔬菜,2.5,2.0,2.25,2024-10-19 00:00:00
姜,蔬菜,6.0,5.5,5.75,2024-10-19 00:00:00
姜,蔬菜,8.3,6.0,7.15,2024-10-19 00:00:00
大蒜,蔬菜,7.3,4.5,5.9,2024-10-19 00:00:00
蒜米,蔬菜,5.2,4.8,5.0,2024-10-19 00:00:00
大葱,蔬菜,2.0,1.8,1.9,2024-10-19 00:00:00
小葱,蔬菜,4.0,2.5,3.25,2024-10-19 00:00:00
蒜苗,蔬菜,6.0,2.5,4.25,2024-10-19 00:00:00
蒜黄,蔬菜,5.0,4.5,4.75,2024-10-19 00:00:00
青蒜,蔬菜,5.0,4.8,4.9,2024-10-19 00:00:00
平菇,蔬菜,3.3,2.0,2.65,2024-10-19 00:00:00
香菇,蔬菜,7.0,3.5,5.25,2024-10-19 00:00:00
白玉菇,蔬菜,4.1,3.6,3.85,2024-10-19 00:00:00
口蘑,蔬菜,7.8,7.5,7.65,2024-10-19 00:00:00
杏鲍菇,蔬菜,3.8,3.2,3.5,2024-10-19 00:00:00
金针菇,蔬菜,3.4,2.2,2.8,2024-10-19 00:00:00
箱装菠萝,水果,2.4,2.0,3.2,2024-10-19 00:00:00
国产凤梨,水果,2.6,2.3,3.2,2024-10-19 00:00:00
圣女果,水果,7.5,6.5,7.0,2024-10-19 00:00:00
百香果,水果,9.0,8.0,8.5,2024-10-19 00:00:00
夏橙,水果,4.2,2.8,3.5,2024-10-19 00:00:00
金秋沙糖桔,水果,11.0,9.5,10.25,2024-10-19 00:00:00
红心蜜柚,水果,3.8,2.5,3.15,2024-10-19 00:00:00
蜜柚,水果,3.2,2.0,2.6,2024-10-19 00:00:00
葡萄柚,水果,3.3,2.2,2.75,2024-10-19 00:00:00
秋红（晚桃）,水果,4.0,2.0,3.0,2024-10-19 00:00:00
猕猴桃（翠香）,水果,7.0,5.2,6.1,2024-10-19 00:00:00
猕猴桃（徐香）,水果,4.5,2.5,3.5,2024-10-19 00:00:00
猕猴桃（红阳）,水果,11.0,8.0,9.5,2024-10-19 00:00:00
猕猴桃（亚特,水果,4.0,3.0,3.5,2024-10-19 00:00:00
吊干杏,水果,13.0,11.0,12.0,2024-10-19 00:00:00
李子,水果,4.5,2.0,3.25,2024-10-19 00:00:00
西梅（新疆）,水果,10.0,7.5,8.75,2024-10-19 00:00:00
无籽小号-大号,水果,1.9,1.8,1.85,2024-10-19 00:00:00
麒麟,水果,4.0,2.8,3.4,2024-10-19 00:00:00
黑美人,水果,2.3,2.0,2.15,2024-10-19 00:00:00
特小凤,水果,2.9,2.8,2.85,2024-10-19 00:00:00
L600吊秧瓜,水果,2.8,2.6,2.7,2024-10-19 00:00:00
甜王,水果,1.7,1.3,1.5,2024-10-19 00:00:00
国产香蕉,水果,4.1,3.5,3.8,2024-10-19 00:00:00
前臀尖,肉禽蛋,11.5,11.0,11.25,2024-10-19 00:00:00
前臀尖,肉禽蛋,10.5,9.5,10.0,2024-10-19 00:00:00
后臀尖,肉禽蛋,11.5,11.0,11.25,2024-10-19 00:00:00
后臀尖,肉禽蛋,10.5,10.0,10.25,2024-10-19 00:00:00
五花肉,肉禽蛋,13.0,12.5,12.75,2024-10-19 00:00:00
五花肉,肉禽蛋,12.0,11.5,11.75,2024-10-19 00:00:00
精五花,肉禽蛋,17.0,15.0,16.0,2024-10-19 00:00:00
纯通脊,肉禽蛋,15.0,13.0,14.0,2024-10-19 00:00:00
通脊,肉禽蛋,11.5,10.5,11.0,2024-10-19 00:00:00
小里脊,肉禽蛋,17.0,16.0,16.5,2024-10-19 00:00:00
梅花肉,肉禽蛋,14.0,13.0,13.5,2024-10-19 00:00:00
纯瘦肉,肉禽蛋,12.5,11.0,11.75,2024-10-19 00:00:00
护心肉,肉禽蛋,20.0,17.0,18.5,2024-10-19 00:00:00
前肘,肉禽蛋,10.5,9.5,10.0,2024-10-19 00:00:00
后肘,肉禽蛋,9.0,8.0,8.5,2024-10-19 00:00:00
月牙骨,肉禽蛋,22.0,19.0,20.5,2024-10-19 00:00:00
猪尾巴,肉禽蛋,48.0,40.0,44.0,2024-10-19 00:00:00
猪蹄,肉禽蛋,20.0,17.0,18.5,2024-10-19 00:00:00
纯排骨,肉禽蛋,24.0,20.0,22.0,2024-10-19 00:00:00
纯腔骨,肉禽蛋,8.5,7.0,7.75,2024-10-19 00:00:00
牛肚,肉禽蛋,18.0,16.0,17.0,2024-10-19 00:00:00
牛腰子,肉禽蛋,12.0,10.0,11.0,2024-10-19 00:00:00
牛尾,肉禽蛋,30.0,23.0,26.5,2024-10-19 00:00:00
牛百叶,肉禽蛋,32.0,30.0,31.0,2024-10-19 00:00:00
牛上脑,肉禽蛋,25.0,25.0,25.0,2024-10-19 00:00:00
整羊,肉禽蛋,23.5,23.5,23.5,2024-10-19 00:00:00
去骨羊前腿,肉禽蛋,30.0,30.0,30.0,2024-10-19 00:00:00
去骨羊后腿,肉禽蛋,32.0,31.0,31.5,2024-10-19 00:00:00
羊腰窝,肉禽蛋,28.0,27.0,27.5,2024-10-19 00:00:00
羊肉片,肉禽蛋,35.0,25.0,30.0,2024-10-19 00:00:00
羊腰子,肉禽蛋,10.0,9.0,9.5,2024-10-19 00:00:00
羊蝎子,肉禽蛋,14.0,13.0,13.5,2024-10-19 00:00:00
羊蝎子,肉禽蛋,24.0,22.0,23.0,2024-10-19 00:00:00
羊排骨,肉禽蛋,24.0,23.0,23.5,2024-10-19 00:00:00
羊尾巴油,肉禽蛋,8.0,7.0,7.5,2024-10-19 00:00:00
羊小腿,肉禽蛋,19.0,18.0,18.5,2024-10-19 00:00:00
羊腱子肉,肉禽蛋,32.0,32.0,32.0,2024-10-19 00:00:00
羊蹄,肉禽蛋,15.0,14.5,14.75,2024-10-19 00:00:00
羊头,肉禽蛋,12.0,12.0,12.0,2024-10-19 00:00:00
羊肝,肉禽蛋,7.0,7.0,7.0,2024-10-19 00:00:00
白条乳鸽,肉禽蛋,23.0,20.0,21.5,2024-10-19 00:00:00
白条兔,肉禽蛋,23.0,22.0,22.5,2024-10-19 00:00:00
筐鸡蛋,肉禽蛋,213.0,208.0,210.5,2024-10-19 00:00:00
筐鸡蛋,肉禽蛋,4.84,4.73,4.79,2024-10-19 00:00:00
散鸡蛋,肉禽蛋,5.5,5.3,5.4,2024-10-19 00:00:00
生鸭蛋,肉禽蛋,8.0,7.0,7.5,2024-10-19 00:00:00
熟鸭蛋,肉禽蛋,9.5,8.0,8.75,2024-10-19 00:00:00
松花蛋,肉禽蛋,9.5,7.5,8.5,2024-10-19 00:00:00
鹅蛋,肉禽蛋,21.0,18.0,19.5,2024-10-19 00:00:00
鹌鹑蛋,肉禽蛋,7.0,6.0,6.5,2024-10-19 00:00:00
柴鸡蛋,肉禽蛋,9.5,4.9,7.2,2024-10-19 00:00:00
乌鸡蛋,肉禽蛋,9.0,8.0,8.5,2024-10-19 00:00:00
大雁蛋,肉禽蛋,20.0,17.0,18.5,2024-10-19 00:00:00
变蛋,肉禽蛋,1.0,0.7,0.85,2024-10-19 00:00:00
鸵鸟蛋,肉禽蛋,150.0,120.0,135.0,2024-10-19 00:00:00
鸽子蛋,肉禽蛋,3.8,3.7,3.75,2024-10-19 00:00:00
活珠子,肉禽蛋,1.5,1.4,1.45,2024-10-19 00:00:00
山鸡蛋,肉禽蛋,1.2,1.1,1.15,2024-10-19 00:00:00
大白菜,蔬菜,0.9,0.6,0.75,2024-10-18 00:00:00
娃娃菜,蔬菜,1.5,1.2,1.35,2024-10-18 00:00:00
毛豆,蔬菜,4.0,2.8,3.4,2024-10-18 00:00:00
花生,蔬菜,5.0,2.3,3.65,2024-10-18 00:00:00
玉米,蔬菜,1.4,1.3,1.35,2024-10-18 00:00:00
玉米,蔬菜,1.5,1.3,1.4,2024-10-18 00:00:00
苦瓜,蔬菜,3.0,2.0,2.5,2024-10-18 00:00:00
丝瓜,蔬菜,5.0,2.0,3.5,2024-10-18 00:00:00
西葫芦,蔬菜,2.0,1.0,1.5,2024-10-18 00:00:00
贝贝南瓜,蔬菜,1.5,1.2,1.35,2024-10-18 00:00:00
金丝南瓜,蔬菜,1.2,1.0,1.1,2024-10-18 00:00:00
板栗南瓜,蔬菜,1.8,1.4,1.6,2024-10-18 00:00:00
南北瓜,蔬菜,1.7,1.4,1.55,2024-10-18 00:00:00
尖椒,蔬菜,5.0,3.0,4.0,2024-10-18 00:00:00
红尖椒,蔬菜,10.0,9.0,9.5,2024-10-18 00:00:00
美人椒,蔬菜,6.5,5.5,6.0,2024-10-18 00:00:00
螺丝椒,蔬菜,7.0,5.0,6.0,2024-10-18 00:00:00
柿子椒,蔬菜,3.8,2.5,3.15,2024-10-18 00:00:00
线椒,蔬菜,6.0,5.0,5.5,2024-10-18 00:00:00
杭椒,蔬菜,4.5,4.0,4.25,2024-10-18 00:00:00
小米椒,蔬菜,6.0,5.0,5.5,2024-10-18 00:00:00
彩椒,蔬菜,14.0,12.0,13.0,2024-10-18 00:00:00
茼蒿,蔬菜,3.5,3.0,3.25,2024-10-18 00:00:00
蒿子秆,蔬菜,3.0,2.5,2.75,2024-10-18 00:00:00
水萝卜,蔬菜,2.5,2.0,2.25,2024-10-18 00:00:00
樱桃萝卜,蔬菜,2.0,1.5,1.75,2024-10-18 00:00:00
香芹,蔬菜,3.5,2.8,3.15,2024-10-18 00:00:00
菠菜,蔬菜,3.5,2.5,3.0,2024-10-18 00:00:00
苋菜,蔬菜,4.5,3.8,4.15,2024-10-18 00:00:00
菊花菜,蔬菜,2.0,1.5,1.75,2024-10-18 00:00:00
黄心菜,蔬菜,3.0,2.0,2.5,2024-10-18 00:00:00
青蒜,蔬菜,4.5,3.5,4.0,2024-10-18 00:00:00
盖菜,蔬菜,2.5,2.0,2.25,2024-10-18 00:00:00
芥兰,蔬菜,3.0,2.0,2.5,2024-10-18 00:00:00
菜心,蔬菜,2.0,1.3,1.65,2024-10-18 00:00:00
空心菜,蔬菜,3.0,2.0,2.5,2024-10-18 00:00:00
鸡毛菜,蔬菜,2.5,2.0,2.25,2024-10-18 00:00:00
荠菜,蔬菜,5.5,5.0,5.25,2024-10-18 00:00:00
荆芥,蔬菜,5.0,4.0,4.5,2024-10-18 00:00:00
紫苏叶,蔬菜,5.0,4.0,4.5,2024-10-18 00:00:00
豌豆苗,蔬菜,5.5,5.0,5.25,2024-10-18 00:00:00
快菜,蔬菜,1.5,0.8,1.15,2024-10-18 00:00:00
无籽小号-大号,水果,1.9,1.8,1.85,2024-10-18 00:00:00
麒麟,水果,3.8,2.8,3.3,2024-10-18 00:00:00
黑美人,水果,2.3,2.0,2.15,2024-10-18 00:00:00
特小凤,水果,2.9,2.8,2.85,2024-10-18 00:00:00
L600吊秧瓜,水果,2.8,2.6,2.7,2024-10-18 00:00:00
甜王,水果,1.7,1.3,1.5,2024-10-18 00:00:00
国产香蕉,水果,4.1,3.5,3.8,2024-10-18 00:00:00
进口香蕉,水果,5.0,4.6,4.8,2024-10-18 00:00:00
泰国香蕉,水果,14.0,12.0,13.0,2024-10-18 00:00:00
晓蜜25号,水果,3.3,2.5,2.9,2024-10-18 00:00:00
西州蜜,水果,2.2,1.6,1.9,2024-10-18 00:00:00
玉菇,水果,3.0,2.6,2.8,2024-10-18 00:00:00
网纹,水果,6.0,4.5,5.25,2024-10-18 00:00:00
羊角蜜,水果,5.5,4.0,4.75,2024-10-18 00:00:00
花蕾甜瓜,水果,5.5,4.5,5.0,2024-10-18 00:00:00
绿宝甜瓜,水果,5.5,4.0,4.75,2024-10-18 00:00:00
博阳,水果,5.0,4.5,4.75,2024-10-18 00:00:00
久红瑞,水果,2.8,2.2,2.5,2024-10-18 00:00:00
富士,水果,4.3,2.0,3.15,2024-10-18 00:00:00
富士,水果,2.6,1.8,2.2,2024-10-18 00:00:00
前肘,肉禽蛋,10.5,9.5,10.0,2024-10-18 00:00:00
后肘,肉禽蛋,9.0,8.0,8.5,2024-10-18 00:00:00
月牙骨,肉禽蛋,22.0,19.0,20.5,2024-10-18 00:00:00
猪尾巴,肉禽蛋,48.0,40.0,44.0,2024-10-18 00:00:00
猪蹄,肉禽蛋,20.0,17.0,18.5,2024-10-18 00:00:00
纯排骨,肉禽蛋,24.0,20.0,22.0,2024-10-18 00:00:00
纯腔骨,肉禽蛋,8.5,7.0,7.75,2024-10-18 00:00:00
腔排骨,肉禽蛋,15.0,14.0,14.5,2024-10-18 00:00:00
梅花骨,肉禽蛋,11.0,10.0,10.5,2024-10-18 00:00:00
棒骨,肉禽蛋,9.0,8.5,8.75,2024-10-18 00:00:00
猪头,肉禽蛋,10.0,10.0,10.0,2024-10-18 00:00:00
猪口条,肉禽蛋,15.0,15.0,15.0,2024-10-18 00:00:00
猪耳,肉禽蛋,25.0,23.0,24.0,2024-10-18 00:00:00
猪脑,肉禽蛋,25.0,20.0,22.5,2024-10-18 00:00:00
猪肚,肉禽蛋,22.0,18.0,20.0,2024-10-18 00:00:00
猪板油,肉禽蛋,6.0,5.5,5.75,2024-10-18 00:00:00
肥膘肉,肉禽蛋,5.5,5.0,5.25,2024-10-18 00:00:00
猪腰子,肉禽蛋,22.0,22.0,22.0,2024-10-18 00:00:00
猪心,肉禽蛋,8.0,8.0,8.0,2024-10-18 00:00:00
猪肝,肉禽蛋,6.0,5.5,5.75,2024-10-18 00:00:00
羊排骨,肉禽蛋,24.0,23.0,23.5,2024-10-18 00:00:00
羊尾巴油,肉禽蛋,8.0,7.0,7.5,2024-10-18 00:00:00
羊小腿,肉禽蛋,19.0,18.0,18.5,2024-10-18 00:00:00
羊腱子肉,肉禽蛋,32.0,32.0,32.0,2024-10-18 00:00:00
羊蹄,肉禽蛋,15.0,14.5,14.75,2024-10-18 00:00:00
羊头,肉禽蛋,12.0,12.0,12.0,2024-10-18 00:00:00
羊肝,肉禽蛋,7.0,7.0,7.0,2024-10-18 00:00:00
羊心,肉禽蛋,15.0,15.0,15.0,2024-10-18 00:00:00
羊肠,肉禽蛋,15.0,14.0,14.5,2024-10-18 00:00:00
羊肚,肉禽蛋,16.0,16.0,16.0,2024-10-18 00:00:00
羊鞭,肉禽蛋,75.0,70.0,72.5,2024-10-18 00:00:00
羊宝,肉禽蛋,32.0,32.0,32.0,2024-10-18 00:00:00
羊骨头,肉禽蛋,9.0,8.0,8.5,2024-10-18 00:00:00
羊上脑,肉禽蛋,32.0,31.0,31.5,2024-10-18 00:00:00
羊腩,肉禽蛋,23.0,22.0,22.5,2024-10-18 00:00:00
羊里脊,肉禽蛋,31.0,29.0,30.0,2024-10-18 00:00:00
淘汰鸡,肉禽蛋,12.0,11.5,11.75,2024-10-18 00:00:00
淘汰鸡,肉禽蛋,11.0,10.5,10.75,2024-10-18 00:00:00
仔鸡,肉禽蛋,7.0,6.8,6.9,2024-10-18 00:00:00
肉鸡,肉禽蛋,7.0,6.5,6.75,2024-10-18 00:00:00
变蛋,肉禽蛋,1.0,0.7,0.85,2024-10-18 00:00:00
鸵鸟蛋,肉禽蛋,150.0,120.0,135.0,2024-10-18 00:00:00
鸽子蛋,肉禽蛋,3.8,3.7,3.75,2024-10-18 00:00:00
活珠子,肉禽蛋,1.5,1.4,1.45,2024-10-18 00:00:00
山鸡蛋,肉禽蛋,1.2,1.1,1.15,2024-10-18 00:00:00
鲤鱼,水产,6.0,6.0,6.0,2024-10-18 00:00:00
鲤鱼,水产,7.0,6.5,6.75,2024-10-18 00:00:00
草鱼,水产,6.5,6.5,6.5,2024-10-18 00:00:00
草鱼,水产,7.0,6.5,6.75,2024-10-18 00:00:00
草鱼,水产,9.0,7.5,8.25,2024-10-18 00:00:00
鲫鱼,水产,11.0,10.0,10.5,2024-10-18 00:00:00
鲫鱼,水产,11.5,11.0,11.25,2024-10-18 00:00:00
鲫鱼,水产,12.5,11.5,12.0,2024-10-18 00:00:00
胖头鱼,水产,11.0,10.0,10.5,2024-10-18 00:00:00
胖头鱼,水产,10.0,9.5,9.75,2024-10-18 00:00:00
武昌鱼,水产,12.0,11.0,11.5,2024-10-18 00:00:00
鲢鱼,水产,4.5,4.0,4.25,2024-10-18 00:00:00
鲢鱼,水产,4.0,3.5,3.75,2024-10-18 00:00:00
鲶鱼,水产,6.0,5.0,5.5,2024-10-18 00:00:00
松花鱼,水产,11.0,10.0,10.5,2024-10-18 00:00:00
鱿鱼,水产,21.0,20.0,20.5,2024-10-18 00:00:00
鱿鱼,水产,26.0,25.0,25.5,2024-10-18 00:00:00
八爪鱼,水产,50.0,45.0,47.5,2024-10-18 00:00:00
海鲈鱼,水产,18.0,17.5,17.75,2024-10-18 00:00:00
墨鱼,水产,32.0,32.0,32.0,2024-10-18 00:00:00
金鲳鱼,水产,24.0,23.0,23.5,2024-10-18 00:00:00
金鲳鱼,水产,25.0,24.0,24.5,2024-10-18 00:00:00
白虾,水产,18.0,17.0,17.5,2024-10-18 00:00:00
白虾,水产,25.0,23.5,24.25,2024-10-18 00:00:00
白虾,水产,23.0,22.0,22.5,2024-10-18 00:00:00
白虾,水产,21.0,20.5,20.75,2024-10-18 00:00:00
白虾（笼装）,水产,25.0,25.0,25.0,2024-10-18 00:00:00
白虾（笼装）,水产,24.0,24.0,24.0,2024-10-18 00:00:00
白虾（精品）,水产,26.0,26.0,26.0,2024-10-18 00:00:00
白虾（精品）,水产,25.0,25.0,25.0,2024-10-18 00:00:00
小海白虾,水产,30.0,25.0,27.5,2024-10-18 00:00:00
小河虾,水产,25.0,23.0,24.0,2024-10-18 00:00:00
小河虾,水产,35.0,32.0,33.5,2024-10-18 00:00:00
琵琶虾,水产,35.0,28.0,31.5,2024-10-18 00:00:00
小青龙虾,水产,190.0,180.0,185.0,2024-10-18 00:00:00
甲鱼,水产,25.0,22.0,23.5,2024-10-18 00:00:00
蚕蛹,水产,50.0,48.0,49.0,2024-10-18 00:00:00
牛蛙,水产,8.0,7.0,7.5,2024-10-18 00:00:00
海蜇头,水产,12.0,10.0,11.0,2024-10-18 00:00:00
海蜇皮,水产,15.0,12.0,13.5,2024-10-18 00:00:00
海蜇丝,水产,8.5,7.0,7.75,2024-10-18 00:00:00
大白菜,蔬菜,0.9,0.6,0.75,2024-10-17 00:00:00
娃娃菜,蔬菜,1.5,1.2,1.35,2024-10-17 00:00:00
小白菜,蔬菜,1.2,0.8,1.0,2024-10-17 00:00:00
圆白菜,蔬菜,1.6,1.0,1.3,2024-10-17 00:00:00
紫甘蓝,蔬菜,1.4,1.3,1.35,2024-10-17 00:00:00
芹菜,蔬菜,2.2,1.6,1.9,2024-10-17 00:00:00
西芹,蔬菜,4.2,4.0,4.1,2024-10-17 00:00:00
菠菜,蔬菜,1.5,1.3,1.4,2024-10-17 00:00:00
莴笋,蔬菜,2.5,1.2,1.85,2024-10-17 00:00:00
团生菜,蔬菜,2.8,1.5,2.15,2024-10-17 00:00:00
罗马生菜,蔬菜,2.3,1.5,1.9,2024-10-17 00:00:00
散叶生菜,蔬菜,1.3,1.0,1.15,2024-10-17 00:00:00
油菜,蔬菜,1.2,0.7,0.95,2024-10-17 00:00:00
香菜,蔬菜,2.5,2.0,2.25,2024-10-17 00:00:00
红尖椒,蔬菜,10.0,9.0,9.5,2024-10-17 00:00:00
美人椒,蔬菜,6.5,5.5,6.0,2024-10-17 00:00:00
螺丝椒,蔬菜,7.0,5.0,6.0,2024-10-17 00:00:00
柿子椒,蔬菜,3.8,2.5,3.15,2024-10-17 00:00:00
线椒,蔬菜,6.0,5.0,5.5,2024-10-17 00:00:00
杭椒,蔬菜,4.5,4.0,4.25,2024-10-17 00:00:00
小米椒,蔬菜,6.0,5.0,5.5,2024-10-17 00:00:00
彩椒,蔬菜,14.0,12.0,13.0,2024-10-17 00:00:00
白萝卜,蔬菜,1.0,0.7,0.85,2024-10-17 00:00:00
心里美,蔬菜,1.5,1.0,1.25,2024-10-17 00:00:00
卞萝卜,蔬菜,1.4,1.0,1.2,2024-10-17 00:00:00
青萝卜,蔬菜,1.7,1.2,1.45,2024-10-17 00:00:00
胡萝卜,蔬菜,1.4,1.0,1.2,2024-10-17 00:00:00
胡萝卜,蔬菜,1.5,1.3,1.4,2024-10-17 00:00:00
土豆,蔬菜,1.2,0.75,0.98,2024-10-17 00:00:00
葱头,蔬菜,0.9,0.75,0.83,2024-10-17 00:00:00
葱头,蔬菜,1.6,1.4,1.5,2024-10-17 00:00:00
山药,蔬菜,3.5,3.0,3.25,2024-10-17 00:00:00
山药,蔬菜,5.0,3.5,4.25,2024-10-17 00:00:00
山药,蔬菜,7.5,4.0,5.75,2024-10-17 00:00:00
菜心,蔬菜,2.0,1.3,1.65,2024-10-17 00:00:00
空心菜,蔬菜,3.0,2.0,2.5,2024-10-17 00:00:00
鸡毛菜,蔬菜,3.0,2.0,2.5,2024-10-17 00:00:00
荠菜,蔬菜,5.5,5.0,5.25,2024-10-17 00:00:00
荆芥,蔬菜,5.0,4.0,4.5,2024-10-17 00:00:00
紫苏叶,蔬菜,5.0,4.0,4.5,2024-10-17 00:00:00
豌豆苗,蔬菜,5.5,5.0,5.25,2024-10-17 00:00:00
快菜,蔬菜,1.5,0.8,1.15,2024-10-17 00:00:00
苦菊,蔬菜,2.5,2.0,2.25,2024-10-17 00:00:00
穿心莲,蔬菜,4.5,3.5,4.0,2024-10-17 00:00:00
木耳菜,蔬菜,4.0,3.0,3.5,2024-10-17 00:00:00
箱装菠萝,水果,2.4,2.0,3.2,2024-10-17 00:00:00
国产凤梨,水果,2.6,2.3,3.2,2024-10-17 00:00:00
圣女果,水果,7.5,6.5,7.0,2024-10-17 00:00:00
百香果,水果,9.0,8.0,8.5,2024-10-17 00:00:00
黑枣,水果,14.0,10.0,12.0,2024-10-17 00:00:00
冬枣,水果,7.5,3.5,5.5,2024-10-17 00:00:00
人参果,水果,8.0,5.5,6.75,2024-10-17 00:00:00
火龙果,水果,6.5,3.6,5.05,2024-10-17 00:00:00
火龙果,水果,6.0,4.0,5.0,2024-10-17 00:00:00
秋红（晚桃）,水果,4.0,2.0,3.0,2024-10-17 00:00:00
猕猴桃（翠香）,水果,7.0,5.2,6.1,2024-10-17 00:00:00
猕猴桃（徐香）,水果,4.5,2.5,3.5,2024-10-17 00:00:00
猕猴桃（红阳）,水果,11.0,8.0,9.5,2024-10-17 00:00:00
猕猴桃（亚特,水果,4.0,3.0,3.5,2024-10-17 00:00:00
吊干杏,水果,13.0,11.0,12.0,2024-10-17 00:00:00
李子,水果,4.5,2.0,3.25,2024-10-17 00:00:00
西梅（新疆）,水果,10.0,7.5,8.75,2024-10-17 00:00:00
无籽小号-大号,水果,1.9,1.8,1.85,2024-10-17 00:00:00
麒麟,水果,3.8,2.8,3.3,2024-10-17 00:00:00
黑美人,水果,2.3,2.0,2.15,2024-10-17 00:00:00
特小凤,水果,2.9,2.8,2.85,2024-10-17 00:00:00
L600吊秧瓜,水果,2.8,2.6,2.7,2024-10-17 00:00:00
甜王,水果,1.7,1.3,1.5,2024-10-17 00:00:00
国产香蕉,水果,4.1,3.5,3.8,2024-10-17 00:00:00
进口香蕉,水果,5.0,4.6,4.8,2024-10-17 00:00:00
泰国香蕉,水果,14.0,12.0,13.0,2024-10-17 00:00:00
晓蜜25号,水果,3.3,2.5,2.9,2024-10-17 00:00:00
西州蜜,水果,2.2,1.6,1.9,2024-10-17 00:00:00
玉菇,水果,3.0,2.6,2.8,2024-10-17 00:00:00
五花肉,肉禽蛋,12.0,11.5,11.75,2024-10-17 00:00:00
精五花,肉禽蛋,17.0,15.0,16.0,2024-10-17 00:00:00
纯通脊,肉禽蛋,15.0,13.0,14.0,2024-10-17 00:00:00
通脊,肉禽蛋,11.5,10.5,11.0,2024-10-17 00:00:00
小里脊,肉禽蛋,17.0,16.0,16.5,2024-10-17 00:00:00
梅花肉,肉禽蛋,14.0,13.0,13.5,2024-10-17 00:00:00
纯瘦肉,肉禽蛋,12.5,11.0,11.75,2024-10-17 00:00:00
护心肉,肉禽蛋,20.0,17.0,18.5,2024-10-17 00:00:00
前肘,肉禽蛋,10.5,9.5,10.0,2024-10-17 00:00:00
后肘,肉禽蛋,9.0,8.5,8.75,2024-10-17 00:00:00
月牙骨,肉禽蛋,22.0,19.0,20.5,2024-10-17 00:00:00
猪尾巴,肉禽蛋,48.0,40.0,44.0,2024-10-17 00:00:00
猪蹄,肉禽蛋,20.0,17.0,18.5,2024-10-17 00:00:00
纯排骨,肉禽蛋,24.0,20.0,22.0,2024-10-17 00:00:00
纯腔骨,肉禽蛋,8.5,7.0,7.75,2024-10-17 00:00:00
腔排骨,肉禽蛋,15.0,14.0,14.5,2024-10-17 00:00:00
梅花骨,肉禽蛋,11.0,10.0,10.5,2024-10-17 00:00:00
棒骨,肉禽蛋,9.0,8.5,8.75,2024-10-17 00:00:00
猪头,肉禽蛋,10.0,10.0,10.0,2024-10-17 00:00:00
猪口条,肉禽蛋,15.0,15.0,15.0,2024-10-17 00:00:00
整羊,肉禽蛋,23.5,23.5,23.5,2024-10-17 00:00:00
去骨羊前腿,肉禽蛋,30.0,29.0,29.5,2024-10-17 00:00:00
去骨羊后腿,肉禽蛋,32.0,31.0,31.5,2024-10-17 00:00:00
羊腰窝,肉禽蛋,28.0,27.0,27.5,2024-10-17 00:00:00
羊肉片,肉禽蛋,35.0,25.0,30.0,2024-10-17 00:00:00
羊腰子,肉禽蛋,10.0,9.0,9.5,2024-10-17 00:00:00
羊蝎子,肉禽蛋,14.0,13.0,13.5,2024-10-17 00:00:00
羊蝎子,肉禽蛋,24.0,22.0,23.0,2024-10-17 00:00:00
羊排骨,肉禽蛋,24.0,23.0,23.5,2024-10-17 00:00:00
羊尾巴油,肉禽蛋,8.0,7.5,7.75,2024-10-17 00:00:00
羊小腿,肉禽蛋,19.0,18.0,18.5,2024-10-17 00:00:00
羊腱子肉,肉禽蛋,32.0,31.0,31.5,2024-10-17 00:00:00
羊蹄,肉禽蛋,15.0,14.5,14.75,2024-10-17 00:00:00
羊头,肉禽蛋,12.0,12.0,12.0,2024-10-17 00:00:00
羊肝,肉禽蛋,7.0,7.0,7.0,2024-10-17 00:00:00
羊心,肉禽蛋,15.0,15.0,15.0,2024-10-17 00:00:00
羊肠,肉禽蛋,15.0,14.0,14.5,2024-10-17 00:00:00
羊肚,肉禽蛋,16.0,16.0,16.0,2024-10-17 00:00:00
羊鞭,肉禽蛋,75.0,70.0,72.5,2024-10-17 00:00:00
羊宝,肉禽蛋,32.0,32.0,32.0,2024-10-17 00:00:00
生鸭蛋,肉禽蛋,8.0,7.0,7.5,2024-10-17 00:00:00
熟鸭蛋,肉禽蛋,9.5,8.0,8.75,2024-10-17 00:00:00
松花蛋,肉禽蛋,9.5,7.5,8.5,2024-10-17 00:00:00
鹅蛋,肉禽蛋,21.0,18.0,19.5,2024-10-17 00:00:00
鹌鹑蛋,肉禽蛋,7.0,6.0,6.5,2024-10-17 00:00:00
柴鸡蛋,肉禽蛋,9.5,4.9,7.2,2024-10-17 00:00:00
乌鸡蛋,肉禽蛋,9.0,8.0,8.5,2024-10-17 00:00:00
大雁蛋,肉禽蛋,20.0,17.0,18.5,2024-10-17 00:00:00
变蛋,肉禽蛋,1.0,0.7,0.85,2024-10-17 00:00:00
鸵鸟蛋,肉禽蛋,150.0,120.0,135.0,2024-10-17 00:00:00
鸽子蛋,肉禽蛋,3.8,3.7,3.75,2024-10-17 00:00:00
活珠子,肉禽蛋,1.5,1.4,1.45,2024-10-17 00:00:00
山鸡蛋,肉禽蛋,1.2,1.1,1.15,2024-10-17 00:00:00
鲤鱼,水产,6.0,6.0,6.0,2024-10-17 00:00:00
鲤鱼,水产,7.0,6.5,6.75,2024-10-17 00:00:00
草鱼,水产,6.5,6.5,6.5,2024-10-17 00:00:00
草鱼,水产,7.0,6.5,6.75,2024-10-17 00:00:00
草鱼,水产,9.0,7.5,8.25,2024-10-17 00:00:00
鲫鱼,水产,11.0,10.0,10.5,2024-10-17 00:00:00
鲫鱼,水产,11.5,11.0,11.25,2024-10-17 00:00:00
带鱼,水产,18.0,17.5,17.75,2024-10-17 00:00:00
黄花鱼,水产,22.0,21.0,21.5,2024-10-17 00:00:00
黄花鱼,水产,23.0,22.0,22.5,2024-10-17 00:00:00
黄花鱼,水产,23.0,22.0,22.5,2024-10-17 00:00:00
平鱼,水产,13.0,12.0,12.5,2024-10-17 00:00:00
平鱼,水产,22.0,18.0,20.0,2024-10-17 00:00:00
平鱼,水产,30.0,28.0,29.0,2024-10-17 00:00:00
平鱼,水产,50.0,45.0,47.5,2024-10-17 00:00:00
鱿鱼,水产,21.0,20.0,20.5,2024-10-17 00:00:00
鱿鱼,水产,26.0,25.0,25.5,2024-10-17 00:00:00
八爪鱼,水产,50.0,45.0,47.5,2024-10-17 00:00:00
海鲈鱼,水产,18.0,17.5,17.75,2024-10-17 00:00:00
墨鱼,水产,32.0,32.0,32.0,2024-10-17 00:00:00
金鲳鱼,水产,24.0,23.0,23.5,2024-10-17 00:00:00
金鲳鱼,水产,25.0,24.0,24.5,2024-10-17 00:00:00
白虾,水产,18.0,17.0,17.5,2024-10-17 00:00:00
白虾,水产,25.0,23.5,24.25,2024-10-17 00:00:00
白虾,水产,23.0,22.0,22.5,2024-10-17 00:00:00
白虾,水产,21.0,20.5,20.75,2024-10-17 00:00:00
白虾（笼装）,水产,26.0,25.0,25.5,2024-10-17 00:00:00
文蛤,水产,12.0,11.0,11.5,2024-10-17 00:00:00
白蛤,水产,7.0,6.0,6.5,2024-10-17 00:00:00
青蛤,水产,16.0,15.0,15.5,2024-10-17 00:00:00
花蛤,水产,5.0,4.0,4.5,2024-10-17 00:00:00
毛钳,水产,8.0,6.0,7.0,2024-10-17 00:00:00
田螺,水产,3.5,3.0,3.25,2024-10-17 00:00:00
猫眼螺,水产,35.0,25.0,30.0,2024-10-17 00:00:00
甲鱼,水产,40.0,35.0,37.5,2024-10-17 00:00:00
甲鱼,水产,25.0,22.0,23.5,2024-10-17 00:00:00
蚕蛹,水产,50.0,48.0,49.0,2024-10-17 00:00:00
牛蛙,水产,8.0,7.0,7.5,2024-10-17 00:00:00
海蜇头,水产,12.0,10.0,11.0,2024-10-17 00:00:00
海蜇皮,水产,15.0,12.0,13.5,2024-10-17 00:00:00
海蜇丝,水产,8.5,7.0,7.75,2024-10-17 00:00:00
大白菜,蔬菜,0.9,0.6,0.75,2024-10-16 00:00:00
娃娃菜,蔬菜,1.6,1.2,1.4,2024-10-16 00:00:00
小白菜,蔬菜,1.3,0.8,1.05,2024-10-16 00:00:00
圆白菜,蔬菜,1.6,1.0,1.3,2024-10-16 00:00:00
紫甘蓝,蔬菜,1.4,1.3,1.35,2024-10-16 00:00:00
芹菜,蔬菜,2.3,1.6,1.95,2024-10-16 00:00:00
胡萝卜,蔬菜,1.4,1.0,1.2,2024-10-16 00:00:00
胡萝卜,蔬菜,1.5,1.3,1.4,2024-10-16 00:00:00
土豆,蔬菜,1.2,0.75,0.98,2024-10-16 00:00:00
葱头,蔬菜,0.9,0.75,0.83,2024-10-16 00:00:00
葱头,蔬菜,1.5,1.3,1.4,2024-10-16 00:00:00
山药,蔬菜,3.5,3.0,3.25,2024-10-16 00:00:00
山药,蔬菜,5.0,3.5,4.25,2024-10-16 00:00:00
山药,蔬菜,7.5,4.0,5.75,2024-10-16 00:00:00
莲藕,蔬菜,3.5,2.5,3.0,2024-10-16 00:00:00
红薯,蔬菜,1.3,0.8,1.05,2024-10-16 00:00:00
红薯,蔬菜,1.8,1.2,1.5,2024-10-16 00:00:00
紫薯,蔬菜,3.3,1.7,2.5,2024-10-16 00:00:00
荸荠,蔬菜,4.0,3.5,3.75,2024-10-16 00:00:00
荸荠,蔬菜,7.5,7.0,7.25,2024-10-16 00:00:00
芋头,蔬菜,2.5,2.0,2.25,2024-10-16 00:00:00
姜,蔬菜,6.0,5.5,5.75,2024-10-16 00:00:00
姜,蔬菜,8.3,6.0,7.15,2024-10-16 00:00:00
大蒜,蔬菜,7.3,4.5,5.9,2024-10-16 00:00:00
蒜米,蔬菜,5.2,4.8,5.0,2024-10-16 00:00:00
大葱,蔬菜,2.0,1.8,1.9,2024-10-16 00:00:00
国产凤梨,水果,2.6,2.3,3.2,2024-10-16 00:00:00
圣女果,水果,7.5,7.0,7.25,2024-10-16 00:00:00
百香果,水果,9.0,8.0,8.5,2024-10-16 00:00:00
黑枣,水果,14.0,11.0,12.5,2024-10-16 00:00:00
冬枣,水果,7.5,3.5,5.5,2024-10-16 00:00:00
人参果,水果,8.0,5.5,6.75,2024-10-16 00:00:00
火龙果,水果,6.6,3.6,5.1,2024-10-16 00:00:00
火龙果,水果,6.0,4.0,5.0,2024-10-16 00:00:00
板栗,水果,4.0,3.0,3.5,2024-10-16 00:00:00
油栗,水果,8.0,6.0,7.0,2024-10-16 00:00:00
木瓜,水果,7.0,6.0,6.5,2024-10-16 00:00:00
磨盘柿子,水果,2.5,2.2,2.35,2024-10-16 00:00:00
脆皮柿子,水果,2.2,1.5,1.85,2024-10-16 00:00:00
甘蔗,水果,1.6,1.5,1.55,2024-10-16 00:00:00
桑葚,水果,9.0,6.0,7.5,2024-10-16 00:00:00
柠檬,水果,5.0,3.0,4.0,2024-10-16 00:00:00
石榴,水果,4.0,3.0,3.5,2024-10-16 00:00:00
小金星山楂,水果,5.5,4.5,5.0,2024-10-16 00:00:00
山楂,水果,4.0,3.0,3.5,2024-10-16 00:00:00
青皮核桃,水果,1.5,1.4,1.45,2024-10-16 00:00:00
L600吊秧瓜,水果,2.8,2.6,2.7,2024-10-16 00:00:00
甜王,水果,1.7,1.3,1.5,2024-10-16 00:00:00
国产香蕉,水果,4.1,3.6,3.85,2024-10-16 00:00:00
进口香蕉,水果,5.0,4.6,4.8,2024-10-16 00:00:00
泰国香蕉,水果,14.0,12.0,13.0,2024-10-16 00:00:00
晓蜜25号,水果,3.3,2.5,2.9,2024-10-16 00:00:00
西州蜜,水果,2.2,1.6,1.9,2024-10-16 00:00:00
玉菇,水果,3.0,2.6,2.8,2024-10-16 00:00:00
网纹,水果,6.0,4.5,5.25,2024-10-16 00:00:00
羊角蜜,水果,5.5,4.0,4.75,2024-10-16 00:00:00
花蕾甜瓜,水果,5.5,4.5,5.0,2024-10-16 00:00:00
绿宝甜瓜,水果,5.5,4.0,4.75,2024-10-16 00:00:00
博阳,水果,5.0,4.5,4.75,2024-10-16 00:00:00
久红瑞,水果,2.8,2.2,2.5,2024-10-16 00:00:00
富士,水果,4.3,2.0,3.15,2024-10-16 00:00:00
富士,水果,2.6,1.8,2.2,2024-10-16 00:00:00
富士,水果,5.5,4.5,5.0,2024-10-16 00:00:00
黄元帅,水果,3.5,2.5,3.0,2024-10-16 00:00:00
花牛,水果,4.5,2.0,3.25,2024-10-16 00:00:00
阿克苏,水果,4.6,3.7,4.15,2024-10-16 00:00:00
猪蹄,肉禽蛋,20.0,17.0,18.5,2024-10-16 00:00:00
纯排骨,肉禽蛋,24.0,20.0,22.0,2024-10-16 00:00:00
纯腔骨,肉禽蛋,8.5,7.0,7.75,2024-10-16 00:00:00
腔排骨,肉禽蛋,15.0,14.0,14.5,2024-10-16 00:00:00
梅花骨,肉禽蛋,11.0,10.0,10.5,2024-10-16 00:00:00
棒骨,肉禽蛋,9.0,8.5,8.75,2024-10-16 00:00:00
猪头,肉禽蛋,10.0,10.0,10.0,2024-10-16 00:00:00
猪口条,肉禽蛋,15.0,15.0,15.0,2024-10-16 00:00:00
猪耳,肉禽蛋,25.0,23.0,24.0,2024-10-16 00:00:00
猪脑,肉禽蛋,25.0,20.0,22.5,2024-10-16 00:00:00
猪肚,肉禽蛋,22.0,18.0,20.0,2024-10-16 00:00:00
猪板油,肉禽蛋,6.0,5.5,5.75,2024-10-16 00:00:00
肥膘肉,肉禽蛋,5.5,5.0,5.25,2024-10-16 00:00:00
猪腰子,肉禽蛋,22.0,21.5,21.75,2024-10-16 00:00:00
猪心,肉禽蛋,8.0,8.0,8.0,2024-10-16 00:00:00
猪肝,肉禽蛋,6.0,5.5,5.75,2024-10-16 00:00:00
猪肺,肉禽蛋,3.0,3.0,3.0,2024-10-16 00:00:00
猪皮,肉禽蛋,5.0,4.0,4.5,2024-10-16 00:00:00
猪肠头,肉禽蛋,20.0,20.0,20.0,2024-10-16 00:00:00
猪肠,肉禽蛋,18.0,16.0,17.0,2024-10-16 00:00:00
羊蹄,肉禽蛋,15.0,14.5,14.75,2024-10-16 00:00:00
羊头,肉禽蛋,12.0,12.0,12.0,2024-10-16 00:00:00
羊肝,肉禽蛋,7.0,7.0,7.0,2024-10-16 00:00:00
羊心,肉禽蛋,15.0,15.0,15.0,2024-10-16 00:00:00
羊肠,肉禽蛋,15.0,14.0,14.5,2024-10-16 00:00:00
羊肚,肉禽蛋,16.0,16.0,16.0,2024-10-16 00:00:00
羊鞭,肉禽蛋,75.0,70.0,72.5,2024-10-16 00:00:00
羊宝,肉禽蛋,32.0,32.0,32.0,2024-10-16 00:00:00
羊骨头,肉禽蛋,9.0,8.0,8.5,2024-10-16 00:00:00
羊上脑,肉禽蛋,32.0,31.0,31.5,2024-10-16 00:00:00
羊腩,肉禽蛋,23.0,21.0,22.0,2024-10-16 00:00:00
羊里脊,肉禽蛋,31.0,29.0,30.0,2024-10-16 00:00:00
淘汰鸡,肉禽蛋,12.0,11.5,11.75,2024-10-16 00:00:00
淘汰鸡,肉禽蛋,11.0,10.5,10.75,2024-10-16 00:00:00
仔鸡,肉禽蛋,7.0,6.8,6.9,2024-10-16 00:00:00
肉鸡,肉禽蛋,7.0,6.5,6.75,2024-10-16 00:00:00
鸡胸,肉禽蛋,7.0,6.0,6.5,2024-10-16 00:00:00
鸡翅,肉禽蛋,11.0,11.0,11.0,2024-10-16 00:00:00
鸡翅尖,肉禽蛋,7.5,7.5,7.5,2024-10-16 00:00:00
鸡翅中,肉禽蛋,21.0,21.0,21.0,2024-10-16 00:00:00
山鸡蛋,肉禽蛋,1.2,1.1,1.15,2024-10-16 00:00:00
鲤鱼,水产,6.0,6.0,6.0,2024-10-16 00:00:00
鲤鱼,水产,7.0,6.5,6.75,2024-10-16 00:00:00
草鱼,水产,6.5,6.5,6.5,2024-10-16 00:00:00
草鱼,水产,7.0,6.5,6.75,2024-10-16 00:00:00
草鱼,水产,9.0,7.5,8.25,2024-10-16 00:00:00
鲫鱼,水产,11.0,10.0,10.5,2024-10-16 00:00:00
鲫鱼,水产,11.5,11.0,11.25,2024-10-16 00:00:00
鲫鱼,水产,12.5,11.5,12.0,2024-10-16 00:00:00
胖头鱼,水产,11.0,10.0,10.5,2024-10-16 00:00:00
胖头鱼,水产,10.0,9.5,9.75,2024-10-16 00:00:00
武昌鱼,水产,12.0,11.0,11.5,2024-10-16 00:00:00
鲢鱼,水产,4.5,4.0,4.25,2024-10-16 00:00:00
鲢鱼,水产,4.0,3.5,3.75,2024-10-16 00:00:00
鲶鱼,水产,6.0,5.0,5.5,2024-10-16 00:00:00
松花鱼,水产,11.0,10.0,10.5,2024-10-16 00:00:00
黑鱼,水产,14.0,13.0,13.5,2024-10-16 00:00:00
黑鱼,水产,15.0,14.0,14.5,2024-10-16 00:00:00
黄鳝,水产,30.0,29.0,29.5,2024-10-16 00:00:00
黄鳝,水产,40.0,38.0,39.0,2024-10-16 00:00:00
墨鱼,水产,32.0,32.0,32.0,2024-10-16 00:00:00
金鲳鱼,水产,24.0,23.0,23.5,2024-10-16 00:00:00
金鲳鱼,水产,25.0,24.0,24.5,2024-10-16 00:00:00
白虾,水产,18.0,17.0,17.5,2024-10-16 00:00:00
白虾,水产,25.0,23.0,24.0,2024-10-16 00:00:00
白虾,水产,23.0,22.0,22.5,2024-10-16 00:00:00
白虾,水产,21.0,20.5,20.75,2024-10-16 00:00:00
白虾（笼装）,水产,26.0,25.0,25.5,2024-10-16 00:00:00
白虾（笼装）,水产,24.0,24.0,24.0,2024-10-16 00:00:00
白虾（精品）,水产,28.0,26.0,27.0,2024-10-16 00:00:00
白虾（精品）,水产,26.0,25.0,25.5,2024-10-16 00:00:00
小海白虾,水产,30.0,25.0,27.5,2024-10-16 00:00:00
小河虾,水产,25.0,23.0,24.0,2024-10-16 00:00:00
小河虾,水产,35.0,32.0,33.5,2024-10-16 00:00:00
琵琶虾,水产,35.0,30.0,32.5,2024-10-16 00:00:00
小青龙虾,水产,190.0,180.0,185.0,2024-10-16 00:00:00
虾仁,水产,30.0,26.0,28.0,2024-10-16 00:00:00
基围虾,水产,140.0,125.0,132.5,2024-10-16 00:00:00
罗氏虾,水产,45.0,45.0,45.0,2024-10-16 00:00:00
波士顿龙虾,水产,150.0,145.0,147.5,2024-10-16 00:00:00
海蜇皮,水产,15.0,12.0,13.5,2024-10-16 00:00:00
海蜇丝,水产,8.5,7.0,7.75,2024-10-16 00:00:00
大白菜,蔬菜,1.0,0.6,0.8,2024-10-15 00:00:00
娃娃菜,蔬菜,1.6,1.2,1.4,2024-10-15 00:00:00
小白菜,蔬菜,1.3,1.0,1.15,2024-10-15 00:00:00
圆白菜,蔬菜,1.7,1.2,1.45,2024-10-15 00:00:00
紫甘蓝,蔬菜,1.4,1.3,1.35,2024-10-15 00:00:00
芹菜,蔬菜,2.5,2.3,2.4,2024-10-15 00:00:00
西芹,蔬菜,4.3,3.9,4.1,2024-10-15 00:00:00
菠菜,蔬菜,1.5,1.3,1.4,2024-10-15 00:00:00
莴笋,蔬菜,3.0,1.5,2.25,2024-10-15 00:00:00
团生菜,蔬菜,2.8,1.5,2.15,2024-10-15 00:00:00
罗马生菜,蔬菜,2.3,1.5,1.9,2024-10-15 00:00:00
散叶生菜,蔬菜,1.3,1.0,1.15,2024-10-15 00:00:00
油菜,蔬菜,1.2,0.8,1.0,2024-10-15 00:00:00
香菜,蔬菜,3.0,2.5,2.75,2024-10-15 00:00:00
茴香,蔬菜,1.5,1.0,1.25,2024-10-15 00:00:00
韭菜,蔬菜,3.0,2.2,2.6,2024-10-15 00:00:00
苦菊,蔬菜,1.6,1.5,1.55,2024-10-15 00:00:00
油麦菜,蔬菜,2.5,2.0,2.25,2024-10-15 00:00:00
线椒,蔬菜,6.0,5.0,5.5,2024-10-15 00:00:00
杭椒,蔬菜,4.5,4.0,4.25,2024-10-15 00:00:00
小米椒,蔬菜,6.0,5.0,5.5,2024-10-15 00:00:00
彩椒,蔬菜,14.0,12.0,13.0,2024-10-15 00:00:00
白萝卜,蔬菜,1.0,0.8,0.9,2024-10-15 00:00:00
心里美,蔬菜,1.5,1.0,1.25,2024-10-15 00:00:00
卞萝卜,蔬菜,1.5,1.4,1.45,2024-10-15 00:00:00
青萝卜,蔬菜,1.7,1.2,1.45,2024-10-15 00:00:00
胡萝卜,蔬菜,1.3,0.8,1.05,2024-10-15 00:00:00
胡萝卜,蔬菜,1.5,1.3,1.4,2024-10-15 00:00:00
土豆,蔬菜,1.2,0.75,0.98,2024-10-15 00:00:00
葱头,蔬菜,0.9,0.75,0.83,2024-10-15 00:00:00
葱头,蔬菜,1.5,1.3,1.4,2024-10-15 00:00:00
山药,蔬菜,3.5,3.0,3.25,2024-10-15 00:00:00
山药,蔬菜,5.0,3.5,4.25,2024-10-15 00:00:00
山药,蔬菜,7.5,4.0,5.75,2024-10-15 00:00:00
莲藕,蔬菜,3.5,2.5,3.0,2024-10-15 00:00:00
红薯,蔬菜,1.3,0.8,1.05,2024-10-15 00:00:00
红薯,蔬菜,1.8,1.2,1.5,2024-10-15 00:00:00
紫薯,蔬菜,3.3,1.7,2.5,2024-10-15 00:00:00
荆芥,蔬菜,5.0,4.5,4.75,2024-10-15 00:00:00
紫苏叶,蔬菜,5.0,4.0,4.5,2024-10-15 00:00:00
豌豆苗,蔬菜,5.5,5.0,5.25,2024-10-15 00:00:00
快菜,蔬菜,1.1,0.8,0.95,2024-10-15 00:00:00
苦菊,蔬菜,4.0,3.5,3.75,2024-10-15 00:00:00
穿心莲,蔬菜,5.0,4.0,4.5,2024-10-15 00:00:00
木耳菜,蔬菜,4.0,3.0,3.5,2024-10-15 00:00:00
箱装菠萝,水果,2.4,2.0,3.2,2024-10-15 00:00:00
国产凤梨,水果,2.6,2.3,3.2,2024-10-15 00:00:00
圣女果,水果,7.5,7.0,7.25,2024-10-15 00:00:00
百香果,水果,9.0,8.0,8.5,2024-10-15 00:00:00
黑枣,水果,14.0,11.0,12.5,2024-10-15 00:00:00
冬枣,水果,7.0,4.0,5.5,2024-10-15 00:00:00
人参果,水果,8.0,5.5,6.75,2024-10-15 00:00:00
火龙果,水果,6.6,3.6,5.1,2024-10-15 00:00:00
火龙果,水果,6.0,4.0,5.0,2024-10-15 00:00:00
板栗,水果,4.0,3.0,3.5,2024-10-15 00:00:00
油栗,水果,8.0,6.0,7.0,2024-10-15 00:00:00
木瓜,水果,7.0,6.0,6.5,2024-10-15 00:00:00
磨盘柿子,水果,3.0,2.2,2.6,2024-10-15 00:00:00
猕猴桃（亚特,水果,4.0,3.0,3.5,2024-10-15 00:00:00
吊干杏,水果,13.0,11.0,12.0,2024-10-15 00:00:00
李子,水果,4.5,2.0,3.25,2024-10-15 00:00:00
西梅（新疆）,水果,10.0,7.5,8.75,2024-10-15 00:00:00
无籽小号-大号,水果,1.9,1.8,1.85,2024-10-15 00:00:00
麒麟,水果,3.8,2.8,3.3,2024-10-15 00:00:00
黑美人,水果,2.3,2.0,2.15,2024-10-15 00:00:00
特小凤,水果,2.9,2.8,2.85,2024-10-15 00:00:00
L600吊秧瓜,水果,2.8,2.6,2.7,2024-10-15 00:00:00
甜王,水果,1.6,1.3,1.45,2024-10-15 00:00:00
国产香蕉,水果,4.1,3.6,3.85,2024-10-15 00:00:00
进口香蕉,水果,5.0,4.6,4.8,2024-10-15 00:00:00
泰国香蕉,水果,14.0,12.0,13.0,2024-10-15 00:00:00
晓蜜25号,水果,3.3,2.5,2.9,2024-10-15 00:00:00
西州蜜,水果,2.2,1.6,1.9,2024-10-15 00:00:00
玉菇,水果,3.2,2.5,2.85,2024-10-15 00:00:00
网纹,水果,6.0,4.5,5.25,2024-10-15 00:00:00
羊角蜜,水果,6.0,5.0,5.5,2024-10-15 00:00:00
花蕾甜瓜,水果,6.0,5.0,5.5,2024-10-15 00:00:00
绿宝甜瓜,水果,6.0,5.5,5.75,2024-10-15 00:00:00
肥膘肉,肉禽蛋,5.5,5.0,5.25,2024-10-15 00:00:00
猪腰子,肉禽蛋,22.0,21.5,21.75,2024-10-15 00:00:00
猪心,肉禽蛋,8.0,8.0,8.0,2024-10-15 00:00:00
猪肝,肉禽蛋,6.0,5.5,5.75,2024-10-15 00:00:00
猪肺,肉禽蛋,3.0,3.0,3.0,2024-10-15 00:00:00
猪皮,肉禽蛋,5.0,4.0,4.5,2024-10-15 00:00:00
猪肠头,肉禽蛋,20.0,20.0,20.0,2024-10-15 00:00:00
猪肠,肉禽蛋,18.0,16.0,17.0,2024-10-15 00:00:00
整牛,肉禽蛋,25.5,23.5,24.5,2024-10-15 00:00:00
牛前腱,肉禽蛋,28.0,28.0,28.0,2024-10-15 00:00:00
牛后腱,肉禽蛋,28.0,28.0,28.0,2024-10-15 00:00:00
牛前腿,肉禽蛋,25.0,25.0,25.0,2024-10-15 00:00:00
牛后腿,肉禽蛋,25.0,25.0,25.0,2024-10-15 00:00:00
牛腰窝,肉禽蛋,28.0,27.0,27.5,2024-10-15 00:00:00
肥牛,肉禽蛋,35.0,27.0,31.0,2024-10-15 00:00:00
牛柳,肉禽蛋,30.0,29.0,29.5,2024-10-15 00:00:00
精牛柳,肉禽蛋,31.0,30.0,30.5,2024-10-15 00:00:00
牛腩,肉禽蛋,25.5,25.0,25.25,2024-10-15 00:00:00
牛林,肉禽蛋,25.0,25.0,25.0,2024-10-15 00:00:00
牛金钱腱,肉禽蛋,45.0,45.0,45.0,2024-10-15 00:00:00
羊肉片,肉禽蛋,35.0,25.0,30.0,2024-10-15 00:00:00
羊腰子,肉禽蛋,10.0,9.0,9.5,2024-10-15 00:00:00
羊蝎子,肉禽蛋,14.0,13.0,13.5,2024-10-15 00:00:00
羊蝎子,肉禽蛋,24.0,22.0,23.0,2024-10-15 00:00:00
羊排骨,肉禽蛋,24.0,23.0,23.5,2024-10-15 00:00:00
羊尾巴油,肉禽蛋,8.0,7.5,7.75,2024-10-15 00:00:00
羊小腿,肉禽蛋,19.0,18.0,18.5,2024-10-15 00:00:00
羊腱子肉,肉禽蛋,32.0,31.0,31.5,2024-10-15 00:00:00
羊蹄,肉禽蛋,15.0,14.5,14.75,2024-10-15 00:00:00
羊头,肉禽蛋,12.0,12.0,12.0,2024-10-15 00:00:00
羊肝,肉禽蛋,6.0,6.0,6.0,2024-10-15 00:00:00
羊心,肉禽蛋,15.0,15.0,15.0,2024-10-15 00:00:00
羊肠,肉禽蛋,15.0,14.0,14.5,2024-10-15 00:00:00
羊肚,肉禽蛋,17.0,16.0,16.5,2024-10-15 00:00:00
羊鞭,肉禽蛋,75.0,70.0,72.5,2024-10-15 00:00:00
羊宝,肉禽蛋,33.0,33.0,33.0,2024-10-15 00:00:00
羊骨头,肉禽蛋,9.0,8.0,8.5,2024-10-15 00:00:00
羊上脑,肉禽蛋,32.0,31.0,31.5,2024-10-15 00:00:00
羊腩,肉禽蛋,23.0,21.0,22.0,2024-10-15 00:00:00
羊里脊,肉禽蛋,31.0,29.0,30.0,2024-10-15 00:00:00
鲢鱼,水产,4.5,4.0,4.25,2024-10-15 00:00:00
鲢鱼,水产,4.0,3.5,3.75,2024-10-15 00:00:00
鲶鱼,水产,6.0,5.0,5.5,2024-10-15 00:00:00
松花鱼,水产,11.0,10.0,10.5,2024-10-15 00:00:00
黑鱼,水产,14.0,13.0,13.5,2024-10-15 00:00:00
黑鱼,水产,15.0,14.0,14.5,2024-10-15 00:00:00
黄鳝,水产,30.0,29.0,29.5,2024-10-15 00:00:00
黄鳝,水产,40.0,38.0,39.0,2024-10-15 00:00:00
罗非鱼,水产,12.0,11.0,11.5,2024-10-15 00:00:00
虹鳟鱼,水产,25.0,24.0,24.5,2024-10-15 00:00:00
鲟鱼,水产,22.0,20.0,21.0,2024-10-15 00:00:00
青鱼,水产,15.0,13.0,14.0,2024-10-15 00:00:00
桂鱼,水产,40.0,38.0,39.0,2024-10-15 00:00:00
嘎鱼,水产,25.0,24.0,24.5,2024-10-15 00:00:00
嘎鱼,水产,24.0,23.0,23.5,2024-10-15 00:00:00
淡水鲈鱼,水产,28.0,27.0,27.5,2024-10-15 00:00:00
泥鳅,水产,15.0,10.0,12.5,2024-10-15 00:00:00
清江鱼,水产,10.0,9.0,9.5,2024-10-15 00:00:00
三文鱼肉,水产,110.0,90.0,100.0,2024-10-15 00:00:00
三文鱼肉,水产,80.0,70.0,75.0,2024-10-15 00:00:00
小河虾,水产,25.0,23.0,24.0,2024-10-15 00:00:00
小河虾,水产,35.0,30.0,32.5,2024-10-15 00:00:00
琵琶虾,水产,35.0,30.0,32.5,2024-10-15 00:00:00
小青龙虾,水产,190.0,180.0,185.0,2024-10-15 00:00:00
虾仁,水产,30.0,26.0,28.0,2024-10-15 00:00:00
基围虾,水产,140.0,125.0,132.5,2024-10-15 00:00:00
罗氏虾,水产,45.0,45.0,45.0,2024-10-15 00:00:00
波士顿龙虾,水产,150.0,145.0,147.5,2024-10-15 00:00:00
澳洲龙虾,水产,410.0,400.0,405.0,2024-10-15 00:00:00
玫瑰龙虾,水产,370.0,350.0,360.0,2024-10-15 00:00:00
母河蟹,水产,55.0,50.0,52.5,2024-10-15 00:00:00
母河蟹,水产,65.0,60.0,62.5,2024-10-15 00:00:00
母河蟹,水产,75.0,72.0,73.5,2024-10-15 00:00:00
母梭子蟹,水产,90.0,35.0,62.5,2024-10-15 00:00:00
公梭子蟹,水产,50.0,38.0,44.0,2024-10-15 00:00:00
珍宝蟹,水产,150.0,140.0,145.0,2024-10-15 00:00:00
帝王蟹,水产,180.0,175.0,177.5,2024-10-15 00:00:00
面包蟹,水产,75.0,70.0,72.5,2024-10-15 00:00:00
鲍鱼,水产,12.0,10.0,11.0,2024-10-15 00:00:00
鲍鱼,水产,8.0,6.0,7.0,2024-10-15 00:00:00
罗马生菜,蔬菜,2.3,1.5,1.9,2024-10-14 00:00:00
散叶生菜,蔬菜,1.5,1.0,1.25,2024-10-14 00:00:00
油菜,蔬菜,1.2,0.8,1.0,2024-10-14 00:00:00
香菜,蔬菜,3.0,2.5,2.75,2024-10-14 00:00:00
茴香,蔬菜,1.5,1.0,1.25,2024-10-14 00:00:00
韭菜,蔬菜,3.0,2.5,2.75,2024-10-14 00:00:00
苦菊,蔬菜,1.6,1.5,1.55,2024-10-14 00:00:00
油麦菜,蔬菜,2.5,2.0,2.25,2024-10-14 00:00:00
散菜花,蔬菜,4.5,3.0,3.75,2024-10-14 00:00:00
绿菜花,蔬菜,4.5,3.5,4.0,2024-10-14 00:00:00
绿豆芽,蔬菜,1.0,0.95,0.98,2024-10-14 00:00:00
黄豆芽,蔬菜,0.9,0.85,0.88,2024-10-14 00:00:00
番茄,蔬菜,3.6,2.6,3.1,2024-10-14 00:00:00
番茄,蔬菜,4.5,3.5,4.0,2024-10-14 00:00:00
番茄,蔬菜,5.5,4.5,5.0,2024-10-14 00:00:00
黄瓜,蔬菜,1.6,1.0,1.3,2024-10-14 00:00:00
黄瓜,蔬菜,2.2,1.2,1.7,2024-10-14 00:00:00
小黄瓜,蔬菜,3.5,3.0,3.25,2024-10-14 00:00:00
小黄瓜,蔬菜,3.5,3.0,3.25,2024-10-14 00:00:00
茄子,蔬菜,2.3,1.3,1.8,2024-10-14 00:00:00
葱头,蔬菜,1.4,1.2,1.3,2024-10-14 00:00:00
山药,蔬菜,3.5,3.0,3.25,2024-10-14 00:00:00
山药,蔬菜,5.0,3.5,4.25,2024-10-14 00:00:00
山药,蔬菜,7.5,4.0,5.75,2024-10-14 00:00:00
莲藕,蔬菜,3.5,2.5,3.0,2024-10-14 00:00:00
红薯,蔬菜,1.3,0.8,1.05,2024-10-14 00:00:00
红薯,蔬菜,1.8,1.2,1.5,2024-10-14 00:00:00
紫薯,蔬菜,3.3,1.7,2.5,2024-10-14 00:00:00
荸荠,蔬菜,4.0,3.5,3.75,2024-10-14 00:00:00
荸荠,蔬菜,7.5,7.0,7.25,2024-10-14 00:00:00
芋头,蔬菜,2.5,2.0,2.25,2024-10-14 00:00:00
姜,蔬菜,6.0,5.5,5.75,2024-10-14 00:00:00
姜,蔬菜,8.3,6.0,7.15,2024-10-14 00:00:00
大蒜,蔬菜,7.3,4.5,5.9,2024-10-14 00:00:00
蒜米,蔬菜,5.2,4.8,5.0,2024-10-14 00:00:00
大葱,蔬菜,2.2,1.8,2.0,2024-10-14 00:00:00
小葱,蔬菜,5.0,2.5,3.75,2024-10-14 00:00:00
蒜苗,蔬菜,6.0,2.5,4.25,2024-10-14 00:00:00
蒜黄,蔬菜,5.5,5.4,5.45,2024-10-14 00:00:00
青蒜,蔬菜,4.5,4.0,4.25,2024-10-14 00:00:00
冬枣,水果,7.0,4.0,5.5,2024-10-14 00:00:00
人参果,水果,8.0,5.5,6.75,2024-10-14 00:00:00
火龙果,水果,6.6,3.6,5.1,2024-10-14 00:00:00
火龙果,水果,6.0,4.0,5.0,2024-10-14 00:00:00
板栗,水果,4.0,3.0,3.5,2024-10-14 00:00:00
油栗,水果,8.0,6.0,7.0,2024-10-14 00:00:00
木瓜,水果,7.0,6.0,6.5,2024-10-14 00:00:00
磨盘柿子,水果,2.8,2.2,2.5,2024-10-14 00:00:00
脆皮柿子,水果,2.5,1.5,2.0,2024-10-14 00:00:00
甘蔗,水果,1.6,1.5,1.55,2024-10-14 00:00:00
桑葚,水果,9.0,6.0,7.5,2024-10-14 00:00:00
柠檬,水果,5.0,3.0,4.0,2024-10-14 00:00:00
石榴,水果,5.5,3.0,4.25,2024-10-14 00:00:00
小金星山楂,水果,5.5,4.5,5.0,2024-10-14 00:00:00
山楂,水果,4.0,3.0,3.5,2024-10-14 00:00:00
青皮核桃,水果,1.5,1.4,1.45,2024-10-14 00:00:00
去皮核桃,水果,5.0,3.2,4.1,2024-10-14 00:00:00
姑娘果（灯笼果）,水果,20.0,10.0,15.0,2024-10-14 00:00:00
123（沙果）,水果,2.5,2.0,2.25,2024-10-14 00:00:00
鸡心果（沙果）,水果,7.0,4.0,5.5,2024-10-14 00:00:00
晓蜜25号,水果,3.3,2.5,2.9,2024-10-14 00:00:00
西州蜜,水果,2.2,1.6,1.9,2024-10-14 00:00:00
玉菇,水果,3.2,2.5,2.85,2024-10-14 00:00:00
网纹,水果,6.0,4.5,5.25,2024-10-14 00:00:00
羊角蜜,水果,6.0,5.0,5.5,2024-10-14 00:00:00
花蕾甜瓜,水果,6.0,5.0,5.5,2024-10-14 00:00:00
绿宝甜瓜,水果,6.0,5.5,5.75,2024-10-14 00:00:00
博阳,水果,6.0,5.0,5.5,2024-10-14 00:00:00
久红瑞,水果,2.3,1.8,2.05,2024-10-14 00:00:00
富士,水果,4.3,2.0,3.15,2024-10-14 00:00:00
富士,水果,2.6,1.8,2.2,2024-10-14 00:00:00
富士,水果,5.5,4.5,5.0,2024-10-14 00:00:00
黄元帅,水果,3.5,2.5,3.0,2024-10-14 00:00:00
花牛,水果,4.5,2.0,3.25,2024-10-14 00:00:00
阿克苏,水果,4.6,3.7,4.15,2024-10-14 00:00:00
国光,水果,2.9,2.6,2.75,2024-10-14 00:00:00
红将军,水果,4.0,2.8,3.4,2024-10-14 00:00:00
寒富苹果,水果,2.5,2.3,2.4,2024-10-14 00:00:00
王林,水果,2.5,2.3,2.4,2024-10-14 00:00:00
阳光玫瑰,水果,10.0,5.0,7.5,2024-10-14 00:00:00
猪头,肉禽蛋,10.0,10.0,10.0,2024-10-14 00:00:00
猪口条,肉禽蛋,15.0,15.0,15.0,2024-10-14 00:00:00
猪耳,肉禽蛋,25.0,23.0,24.0,2024-10-14 00:00:00
猪脑,肉禽蛋,25.0,20.0,22.5,2024-10-14 00:00:00
猪肚,肉禽蛋,22.0,18.0,20.0,2024-10-14 00:00:00
猪板油,肉禽蛋,6.0,5.5,5.75,2024-10-14 00:00:00
肥膘肉,肉禽蛋,5.5,5.0,5.25,2024-10-14 00:00:00
猪腰子,肉禽蛋,22.0,21.5,21.75,2024-10-14 00:00:00
猪心,肉禽蛋,8.0,8.0,8.0,2024-10-14 00:00:00
猪肝,肉禽蛋,6.0,5.5,5.75,2024-10-14 00:00:00
猪肺,肉禽蛋,3.0,3.0,3.0,2024-10-14 00:00:00
猪皮,肉禽蛋,5.0,4.0,4.5,2024-10-14 00:00:00
猪肠头,肉禽蛋,20.0,20.0,20.0,2024-10-14 00:00:00
猪肠,肉禽蛋,18.0,16.0,17.0,2024-10-14 00:00:00
整牛,肉禽蛋,25.5,24.0,24.75,2024-10-14 00:00:00
牛前腱,肉禽蛋,28.0,28.0,28.0,2024-10-14 00:00:00
牛后腱,肉禽蛋,28.0,28.0,28.0,2024-10-14 00:00:00
牛前腿,肉禽蛋,25.0,25.0,25.0,2024-10-14 00:00:00
牛后腿,肉禽蛋,25.0,25.0,25.0,2024-10-14 00:00:00
牛腰窝,肉禽蛋,28.0,27.0,27.5,2024-10-14 00:00:00
羊鞭,肉禽蛋,75.0,70.0,72.5,2024-10-14 00:00:00
羊宝,肉禽蛋,33.0,33.0,33.0,2024-10-14 00:00:00
羊骨头,肉禽蛋,10.0,8.0,9.0,2024-10-14 00:00:00
羊上脑,肉禽蛋,31.0,29.0,30.0,2024-10-14 00:00:00
羊腩,肉禽蛋,22.0,20.0,21.0,2024-10-14 00:00:00
羊里脊,肉禽蛋,30.0,28.0,29.0,2024-10-14 00:00:00
淘汰鸡,肉禽蛋,12.0,11.5,11.75,2024-10-14 00:00:00
淘汰鸡,肉禽蛋,11.0,10.5,10.75,2024-10-14 00:00:00
仔鸡,肉禽蛋,7.0,6.8,6.9,2024-10-14 00:00:00
肉鸡,肉禽蛋,7.0,6.8,6.9,2024-10-14 00:00:00
鸡胸,肉禽蛋,7.0,6.0,6.5,2024-10-14 00:00:00
鸡翅,肉禽蛋,11.0,11.0,11.0,2024-10-14 00:00:00
鸡翅尖,肉禽蛋,7.5,7.0,7.25,2024-10-14 00:00:00
鸡翅中,肉禽蛋,21.0,21.0,21.0,2024-10-14 00:00:00
鸡翅根,肉禽蛋,7.0,7.0,7.0,2024-10-14 00:00:00
鸡边腿,肉禽蛋,6.8,6.5,6.65,2024-10-14 00:00:00
鸡排腿,肉禽蛋,7.0,7.0,7.0,2024-10-14 00:00:00
鸡琵琶腿,肉禽蛋,7.0,7.0,7.0,2024-10-14 00:00:00
鸡胗,肉禽蛋,12.0,10.0,11.0,2024-10-14 00:00:00
鸡爪,肉禽蛋,20.0,20.0,20.0,2024-10-14 00:00:00
鲫鱼,水产,11.5,11.0,11.25,2024-10-14 00:00:00
鲫鱼,水产,12.5,11.5,12.0,2024-10-14 00:00:00
鲫鱼,水产,13.0,12.5,12.75,2024-10-14 00:00:00
胖头鱼,水产,11.0,10.0,10.5,2024-10-14 00:00:00
胖头鱼,水产,10.0,9.0,9.5,2024-10-14 00:00:00
武昌鱼,水产,12.0,11.0,11.5,2024-10-14 00:00:00
鲢鱼,水产,4.5,4.0,4.25,2024-10-14 00:00:00
鲢鱼,水产,4.0,3.5,3.75,2024-10-14 00:00:00
鲶鱼,水产,6.0,5.0,5.5,2024-10-14 00:00:00
松花鱼,水产,11.0,10.0,10.5,2024-10-14 00:00:00
黑鱼,水产,14.0,13.0,13.5,2024-10-14 00:00:00
黑鱼,水产,15.0,14.0,14.5,2024-10-14 00:00:00
黄鳝,水产,30.0,29.0,29.5,2024-10-14 00:00:00
黄鳝,水产,40.0,38.0,39.0,2024-10-14 00:00:00
罗非鱼,水产,12.0,11.0,11.5,2024-10-14 00:00:00
虹鳟鱼,水产,25.0,24.0,24.5,2024-10-14 00:00:00
鲟鱼,水产,22.0,20.0,21.0,2024-10-14 00:00:00
青鱼,水产,15.0,13.0,14.0,2024-10-14 00:00:00
桂鱼,水产,40.0,38.0,39.0,2024-10-14 00:00:00
嘎鱼,水产,25.0,24.0,24.5,2024-10-14 00:00:00
带鱼,水产,12.0,10.0,11.0,2024-10-14 00:00:00
带鱼,水产,16.0,15.0,15.5,2024-10-14 00:00:00
带鱼,水产,18.0,17.0,17.5,2024-10-14 00:00:00
黄花鱼,水产,22.0,21.0,21.5,2024-10-14 00:00:00
黄花鱼,水产,24.0,23.0,23.5,2024-10-14 00:00:00
黄花鱼,水产,24.0,24.0,24.0,2024-10-14 00:00:00
平鱼,水产,13.0,12.0,12.5,2024-10-14 00:00:00
平鱼,水产,22.0,18.0,20.0,2024-10-14 00:00:00
平鱼,水产,30.0,28.0,29.0,2024-10-14 00:00:00
平鱼,水产,50.0,45.0,47.5,2024-10-14 00:00:00
鱿鱼,水产,20.0,19.0,19.5,2024-10-14 00:00:00
鱿鱼,水产,25.0,24.0,24.5,2024-10-14 00:00:00
八爪鱼,水产,50.0,45.0,47.5,2024-10-14 00:00:00
海鲈鱼,水产,18.0,17.5,17.75,2024-10-14 00:00:00
墨鱼,水产,32.0,32.0,32.0,2024-10-14 00:00:00
金鲳鱼,水产,24.0,23.0,23.5,2024-10-14 00:00:00
金鲳鱼,水产,25.0,24.0,24.5,2024-10-14 00:00:00
白虾,水产,18.0,17.0,17.5,2024-10-14 00:00:00
白虾,水产,25.0,22.0,23.5,2024-10-14 00:00:00
白虾,水产,22.0,21.0,21.5,2024-10-14 00:00:00
紫甘蓝,蔬菜,1.4,1.3,1.35,2024-10-13 00:00:00
芹菜,蔬菜,3.3,2.8,3.05,2024-10-13 00:00:00
西芹,蔬菜,4.3,4.0,4.15,2024-10-13 00:00:00
菠菜,蔬菜,1.5,1.3,1.4,2024-10-13 00:00:00
莴笋,蔬菜,3.5,2.0,2.75,2024-10-13 00:00:00
团生菜,蔬菜,3.5,2.0,2.75,2024-10-13 00:00:00
罗马生菜,蔬菜,1.8,1.5,1.65,2024-10-13 00:00:00
散叶生菜,蔬菜,1.5,1.0,1.25,2024-10-13 00:00:00
油菜,蔬菜,1.2,0.8,1.0,2024-10-13 00:00:00
香菜,蔬菜,3.0,2.5,2.75,2024-10-13 00:00:00
茴香,蔬菜,1.5,1.0,1.25,2024-10-13 00:00:00
韭菜,蔬菜,2.6,1.5,2.05,2024-10-13 00:00:00
苦菊,蔬菜,1.6,1.5,1.55,2024-10-13 00:00:00
油麦菜,蔬菜,2.5,2.0,2.25,2024-10-13 00:00:00
散菜花,蔬菜,4.7,3.5,4.1,2024-10-13 00:00:00
绿菜花,蔬菜,4.8,4.0,4.4,2024-10-13 00:00:00
绿豆芽,蔬菜,1.0,0.95,0.98,2024-10-13 00:00:00
黄豆芽,蔬菜,0.9,0.85,0.88,2024-10-13 00:00:00
番茄,蔬菜,3.6,2.8,3.2,2024-10-13 00:00:00
番茄,蔬菜,4.5,3.5,4.0,2024-10-13 00:00:00
卞萝卜,蔬菜,1.5,1.4,1.45,2024-10-13 00:00:00
青萝卜,蔬菜,1.5,1.0,1.25,2024-10-13 00:00:00
胡萝卜,蔬菜,1.3,0.8,1.05,2024-10-13 00:00:00
胡萝卜,蔬菜,1.5,1.3,1.4,2024-10-13 00:00:00
土豆,蔬菜,1.2,0.75,0.98,2024-10-13 00:00:00
葱头,蔬菜,0.9,0.75,0.83,2024-10-13 00:00:00
葱头,蔬菜,1.3,1.1,1.2,2024-10-13 00:00:00
山药,蔬菜,3.5,3.0,3.25,2024-10-13 00:00:00
山药,蔬菜,5.0,3.5,4.25,2024-10-13 00:00:00
山药,蔬菜,7.5,4.0,5.75,2024-10-13 00:00:00
莲藕,蔬菜,3.5,2.5,3.0,2024-10-13 00:00:00
红薯,蔬菜,1.3,0.9,1.1,2024-10-13 00:00:00
红薯,蔬菜,1.8,1.3,1.55,2024-10-13 00:00:00
紫薯,蔬菜,3.3,1.8,2.55,2024-10-13 00:00:00
荸荠,蔬菜,4.0,3.5,3.75,2024-10-13 00:00:00
荸荠,蔬菜,7.5,7.0,7.25,2024-10-13 00:00:00
芋头,蔬菜,2.5,2.0,2.25,2024-10-13 00:00:00
姜,蔬菜,6.0,5.5,5.75,2024-10-13 00:00:00
姜,蔬菜,8.3,6.0,7.15,2024-10-13 00:00:00
大蒜,蔬菜,7.3,4.5,5.9,2024-10-13 00:00:00
南果梨,水果,6.0,2.0,4.0,2024-10-13 00:00:00
丰水梨,水果,3.7,3.6,3.65,2024-10-13 00:00:00
广梨,水果,3.5,2.5,3.0,2024-10-13 00:00:00
酥梨,水果,2.2,1.6,1.9,2024-10-13 00:00:00
库尔勒香梨,水果,5.0,2.5,3.75,2024-10-13 00:00:00
红香酥梨,水果,2.5,2.0,2.25,2024-10-13 00:00:00
红啤梨,水果,4.5,3.5,4.0,2024-10-13 00:00:00
玉露香梨,水果,6.0,2.5,4.25,2024-10-13 00:00:00
京白梨,水果,3.0,2.0,2.5,2024-10-13 00:00:00
贵妃梨,水果,2.0,1.7,1.85,2024-10-13 00:00:00
秋月梨,水果,4.5,3.8,4.15,2024-10-13 00:00:00
蜜桔,水果,3.8,2.5,3.15,2024-10-13 00:00:00
小叶桔,水果,4.0,2.6,3.3,2024-10-13 00:00:00
南丰蜜桔,水果,5.5,5.0,5.25,2024-10-13 00:00:00
丑橘,水果,4.5,2.8,3.65,2024-10-13 00:00:00
夏橙,水果,4.2,2.8,3.5,2024-10-13 00:00:00
金秋沙糖桔,水果,11.0,9.5,10.25,2024-10-13 00:00:00
红心蜜柚,水果,4.0,2.5,3.25,2024-10-13 00:00:00
蜜柚,水果,3.3,2.3,2.8,2024-10-13 00:00:00
葡萄柚,水果,3.5,2.2,2.85,2024-10-13 00:00:00
精五花,肉禽蛋,17.0,15.0,16.0,2024-10-13 00:00:00
纯通脊,肉禽蛋,15.0,13.0,14.0,2024-10-13 00:00:00
通脊,肉禽蛋,11.0,10.0,10.5,2024-10-13 00:00:00
小里脊,肉禽蛋,17.0,16.0,16.5,2024-10-13 00:00:00
梅花肉,肉禽蛋,14.0,13.0,13.5,2024-10-13 00:00:00
纯瘦肉,肉禽蛋,12.0,11.0,11.5,2024-10-13 00:00:00
护心肉,肉禽蛋,20.0,17.0,18.5,2024-10-13 00:00:00
前肘,肉禽蛋,11.0,10.0,10.5,2024-10-13 00:00:00
后肘,肉禽蛋,9.0,8.5,8.75,2024-10-13 00:00:00
月牙骨,肉禽蛋,22.0,19.0,20.5,2024-10-13 00:00:00
猪尾巴,肉禽蛋,48.0,40.0,44.0,2024-10-13 00:00:00
猪蹄,肉禽蛋,20.0,17.0,18.5,2024-10-13 00:00:00
纯排骨,肉禽蛋,24.0,21.0,22.5,2024-10-13 00:00:00
纯腔骨,肉禽蛋,8.5,7.0,7.75,2024-10-13 00:00:00
腔排骨,肉禽蛋,15.5,14.5,15.0,2024-10-13 00:00:00
梅花骨,肉禽蛋,11.0,10.0,10.5,2024-10-13 00:00:00
棒骨,肉禽蛋,9.0,8.5,8.75,2024-10-13 00:00:00
猪头,肉禽蛋,10.0,10.0,10.0,2024-10-13 00:00:00
猪口条,肉禽蛋,15.0,15.0,15.0,2024-10-13 00:00:00
猪耳,肉禽蛋,25.0,23.0,24.0,2024-10-13 00:00:00
去骨羊前腿,肉禽蛋,29.0,28.0,28.5,2024-10-13 00:00:00
去骨羊后腿,肉禽蛋,31.0,30.0,30.5,2024-10-13 00:00:00
羊腰窝,肉禽蛋,27.0,27.0,27.0,2024-10-13 00:00:00
羊肉片,肉禽蛋,35.0,25.0,30.0,2024-10-13 00:00:00
羊腰子,肉禽蛋,10.0,9.0,9.5,2024-10-13 00:00:00
羊蝎子,肉禽蛋,14.0,12.0,13.0,2024-10-13 00:00:00
羊蝎子,肉禽蛋,23.0,21.0,22.0,2024-10-13 00:00:00
羊排骨,肉禽蛋,23.0,23.0,23.0,2024-10-13 00:00:00
羊尾巴油,肉禽蛋,10.0,8.5,9.25,2024-10-13 00:00:00
羊小腿,肉禽蛋,19.0,18.0,18.5,2024-10-13 00:00:00
羊腱子肉,肉禽蛋,31.0,30.0,30.5,2024-10-13 00:00:00
羊蹄,肉禽蛋,15.0,14.0,14.5,2024-10-13 00:00:00
羊头,肉禽蛋,13.0,12.0,12.5,2024-10-13 00:00:00
羊肝,肉禽蛋,6.0,6.0,6.0,2024-10-13 00:00:00
羊心,肉禽蛋,15.0,15.0,15.0,2024-10-13 00:00:00
羊肠,肉禽蛋,15.0,14.0,14.5,2024-10-13 00:00:00
羊肚,肉禽蛋,17.0,16.0,16.5,2024-10-13 00:00:00
羊鞭,肉禽蛋,75.0,70.0,72.5,2024-10-13 00:00:00
羊宝,肉禽蛋,33.0,33.0,33.0,2024-10-13 00:00:00
羊骨头,肉禽蛋,10.0,8.0,9.0,2024-10-13 00:00:00
熟鸭蛋,肉禽蛋,9.5,8.0,8.75,2024-10-13 00:00:00
松花蛋,肉禽蛋,9.5,7.5,8.5,2024-10-13 00:00:00
鹅蛋,肉禽蛋,20.0,18.0,19.0,2024-10-13 00:00:00
鹌鹑蛋,肉禽蛋,7.0,6.0,6.5,2024-10-13 00:00:00
柴鸡蛋,肉禽蛋,9.4,4.5,6.95,2024-10-13 00:00:00
乌鸡蛋,肉禽蛋,9.0,8.0,8.5,2024-10-13 00:00:00
大雁蛋,肉禽蛋,20.0,17.0,18.5,2024-10-13 00:00:00
变蛋,肉禽蛋,1.0,0.7,0.85,2024-10-13 00:00:00
鸵鸟蛋,肉禽蛋,150.0,120.0,135.0,2024-10-13 00:00:00
鸽子蛋,肉禽蛋,3.8,3.7,3.75,2024-10-13 00:00:00
活珠子,肉禽蛋,1.5,1.4,1.45,2024-10-13 00:00:00
山鸡蛋,肉禽蛋,1.2,1.1,1.15,2024-10-13 00:00:00
大白菜,蔬菜,1.2,0.8,1.0,2024-10-12 00:00:00
娃娃菜,蔬菜,1.7,1.4,1.55,2024-10-12 00:00:00
小白菜,蔬菜,1.2,1.0,1.1,2024-10-12 00:00:00
圆白菜,蔬菜,2.6,1.8,2.2,2024-10-12 00:00:00
紫甘蓝,蔬菜,1.4,1.3,1.35,2024-10-12 00:00:00
芹菜,蔬菜,3.3,2.8,3.05,2024-10-12 00:00:00
西芹,蔬菜,4.3,4.0,4.15,2024-10-12 00:00:00
菠菜,蔬菜,1.5,1.3,1.4,2024-10-12 00:00:00
西葫芦,蔬菜,2.5,1.3,1.9,2024-10-12 00:00:00
贝贝南瓜,蔬菜,1.5,1.2,1.35,2024-10-12 00:00:00
金丝南瓜,蔬菜,1.2,1.0,1.1,2024-10-12 00:00:00
板栗南瓜,蔬菜,1.8,1.4,1.6,2024-10-12 00:00:00
南北瓜,蔬菜,1.7,1.4,1.55,2024-10-12 00:00:00
尖椒,蔬菜,5.0,4.0,4.5,2024-10-12 00:00:00
红尖椒,蔬菜,10.0,9.0,9.5,2024-10-12 00:00:00
美人椒,蔬菜,6.5,5.5,6.0,2024-10-12 00:00:00
螺丝椒,蔬菜,8.0,5.5,6.75,2024-10-12 00:00:00
柿子椒,蔬菜,3.8,2.5,3.15,2024-10-12 00:00:00
线椒,蔬菜,6.0,5.0,5.5,2024-10-12 00:00:00
杭椒,蔬菜,4.0,3.5,3.75,2024-10-12 00:00:00
小米椒,蔬菜,6.0,5.0,5.5,2024-10-12 00:00:00
彩椒,蔬菜,14.0,12.0,13.0,2024-10-12 00:00:00
白萝卜,蔬菜,1.2,0.9,1.05,2024-10-12 00:00:00
心里美,蔬菜,1.5,1.0,1.25,2024-10-12 00:00:00
卞萝卜,蔬菜,1.5,1.4,1.45,2024-10-12 00:00:00
青萝卜,蔬菜,1.7,1.2,1.45,2024-10-12 00:00:00
胡萝卜,蔬菜,1.3,0.8,1.05,2024-10-12 00:00:00
胡萝卜,蔬菜,1.5,1.3,1.4,2024-10-12 00:00:00
磨盘柿子,水果,3.0,2.2,2.6,2024-10-12 00:00:00
脆皮柿子,水果,2.5,1.5,2.0,2024-10-12 00:00:00
甘蔗,水果,1.8,1.6,1.7,2024-10-12 00:00:00
桑葚,水果,9.0,6.0,7.5,2024-10-12 00:00:00
柠檬,水果,5.0,3.0,4.0,2024-10-12 00:00:00
石榴,水果,5.5,3.0,4.25,2024-10-12 00:00:00
小金星山楂,水果,5.5,4.5,5.0,2024-10-12 00:00:00
山楂,水果,5.0,3.5,4.25,2024-10-12 00:00:00
青皮核桃,水果,1.5,1.4,1.45,2024-10-12 00:00:00
去皮核桃,水果,5.0,3.2,4.1,2024-10-12 00:00:00
姑娘果（灯笼果）,水果,20.0,10.0,15.0,2024-10-12 00:00:00
123（沙果）,水果,2.5,2.0,2.25,2024-10-12 00:00:00
鸡心果（沙果）,水果,7.0,4.0,5.5,2024-10-12 00:00:00
鸭梨,水果,2.2,2.0,2.1,2024-10-12 00:00:00
雪花梨,水果,2.1,1.8,1.95,2024-10-12 00:00:00
皇冠梨,水果,3.0,2.8,2.9,2024-10-12 00:00:00
南果梨,水果,6.0,2.0,4.0,2024-10-12 00:00:00
丰水梨,水果,3.7,3.6,3.65,2024-10-12 00:00:00
广梨,水果,3.5,2.5,3.0,2024-10-12 00:00:00
酥梨,水果,2.2,1.6,1.9,2024-10-12 00:00:00
博阳,水果,6.0,5.0,5.5,2024-10-12 00:00:00
久红瑞,水果,2.3,1.8,2.05,2024-10-12 00:00:00
富士,水果,4.3,2.0,3.15,2024-10-12 00:00:00
富士,水果,2.6,1.8,2.2,2024-10-12 00:00:00
富士,水果,5.5,4.5,5.0,2024-10-12 00:00:00
黄元帅,水果,3.5,2.5,3.0,2024-10-12 00:00:00
花牛,水果,4.5,2.0,3.25,2024-10-12 00:00:00
阿克苏,水果,4.6,3.7,4.15,2024-10-12 00:00:00
国光,水果,2.9,2.6,2.75,2024-10-12 00:00:00
红将军,水果,4.0,2.8,3.4,2024-10-12 00:00:00
寒富苹果,水果,2.5,2.3,2.4,2024-10-12 00:00:00
王林,水果,2.5,2.3,2.4,2024-10-12 00:00:00
阳光玫瑰,水果,10.0,5.0,7.5,2024-10-12 00:00:00
红提葡萄,水果,8.0,6.0,7.0,2024-10-12 00:00:00
玫瑰香,水果,6.5,4.0,5.25,2024-10-12 00:00:00
克伦生,水果,9.0,7.0,8.0,2024-10-12 00:00:00
夏黑葡萄,水果,9.0,6.5,7.75,2024-10-12 00:00:00
辽峰,水果,9.0,7.5,8.25,2024-10-12 00:00:00
郁金香,水果,8.0,6.5,7.25,2024-10-12 00:00:00
红宝石,水果,6.0,4.0,5.0,2024-10-12 00:00:00
猪腰子,肉禽蛋,22.0,21.5,21.75,2024-10-12 00:00:00
猪心,肉禽蛋,8.0,8.0,8.0,2024-10-12 00:00:00
猪肝,肉禽蛋,6.0,5.5,5.75,2024-10-12 00:00:00
猪肺,肉禽蛋,3.0,3.0,3.0,2024-10-12 00:00:00
猪皮,肉禽蛋,5.0,4.0,4.5,2024-10-12 00:00:00
猪肠头,肉禽蛋,20.0,20.0,20.0,2024-10-12 00:00:00
猪肠,肉禽蛋,18.0,16.0,17.0,2024-10-12 00:00:00
整牛,肉禽蛋,25.5,23.5,24.5,2024-10-12 00:00:00
牛前腱,肉禽蛋,29.0,28.0,28.5,2024-10-12 00:00:00
牛后腱,肉禽蛋,29.0,28.0,28.5,2024-10-12 00:00:00
牛前腿,肉禽蛋,25.0,25.0,25.0,2024-10-12 00:00:00
牛后腿,肉禽蛋,25.5,25.0,25.25,2024-10-12 00:00:00
牛腰窝,肉禽蛋,28.0,27.0,27.5,2024-10-12 00:00:00
肥牛,肉禽蛋,35.0,27.0,31.0,2024-10-12 00:00:00
牛柳,肉禽蛋,30.0,29.0,29.5,2024-10-12 00:00:00
精牛柳,肉禽蛋,32.0,32.0,32.0,2024-10-12 00:00:00
牛腩,肉禽蛋,26.0,25.5,25.75,2024-10-12 00:00:00
牛林,肉禽蛋,25.0,25.0,25.0,2024-10-12 00:00:00
牛金钱腱,肉禽蛋,45.0,45.0,45.0,2024-10-12 00:00:00
牛筋头巴脑,肉禽蛋,23.0,22.0,22.5,2024-10-12 00:00:00
淘汰鸡,肉禽蛋,11.0,10.5,10.75,2024-10-12 00:00:00
仔鸡,肉禽蛋,7.0,6.8,6.9,2024-10-12 00:00:00
肉鸡,肉禽蛋,7.0,6.8,6.9,2024-10-12 00:00:00
鸡胸,肉禽蛋,7.0,6.0,6.5,2024-10-12 00:00:00
鸡翅,肉禽蛋,11.0,11.0,11.0,2024-10-12 00:00:00
鸡翅尖,肉禽蛋,7.5,7.0,7.25,2024-10-12 00:00:00
鸡翅中,肉禽蛋,21.0,21.0,21.0,2024-10-12 00:00:00
鸡翅根,肉禽蛋,7.0,7.0,7.0,2024-10-12 00:00:00
鸡边腿,肉禽蛋,7.0,6.5,6.75,2024-10-12 00:00:00
鸡排腿,肉禽蛋,7.0,7.0,7.0,2024-10-12 00:00:00
鸡琵琶腿,肉禽蛋,7.5,7.0,7.25,2024-10-12 00:00:00
鸡胗,肉禽蛋,12.0,10.0,11.0,2024-10-12 00:00:00
鸡爪,肉禽蛋,20.0,20.0,20.0,2024-10-12 00:00:00
鸡心,肉禽蛋,5.0,5.0,5.0,2024-10-12 00:00:00
鸡肝,肉禽蛋,3.0,2.8,2.9,2024-10-12 00:00:00
鸡脖子,肉禽蛋,5.0,5.0,5.0,2024-10-12 00:00:00
鸡头,肉禽蛋,3.0,2.5,2.75,2024-10-12 00:00:00
鸡油,肉禽蛋,5.5,5.5,5.5,2024-10-12 00:00:00
鸡架子,肉禽蛋,3.5,3.0,3.25,2024-10-12 00:00:00
白条乌鸡,肉禽蛋,12.0,11.0,11.5,2024-10-12 00:00:00
油菜,蔬菜,1.5,0.9,1.2,2024-10-11 00:00:00
香菜,蔬菜,4.5,3.0,3.75,2024-10-11 00:00:00
茴香,蔬菜,1.7,1.0,1.35,2024-10-11 00:00:00
韭菜,蔬菜,3.0,2.0,2.5,2024-10-11 00:00:00
苦菊,蔬菜,2.5,2.3,2.4,2024-10-11 00:00:00
油麦菜,蔬菜,3.0,2.0,2.5,2024-10-11 00:00:00
散菜花,蔬菜,5.5,4.0,4.75,2024-10-11 00:00:00
绿菜花,蔬菜,5.0,4.0,4.5,2024-10-11 00:00:00
绿豆芽,蔬菜,1.0,0.95,0.98,2024-10-11 00:00:00
黄豆芽,蔬菜,0.9,0.85,0.88,2024-10-11 00:00:00
番茄,蔬菜,4.3,3.3,3.8,2024-10-11 00:00:00
番茄,蔬菜,4.8,4.0,4.4,2024-10-11 00:00:00
番茄,蔬菜,5.8,4.8,5.3,2024-10-11 00:00:00
黄瓜,蔬菜,2.0,1.0,1.5,2024-10-11 00:00:00
黄瓜,蔬菜,2.5,1.2,1.85,2024-10-11 00:00:00
小黄瓜,蔬菜,3.5,3.0,3.25,2024-10-11 00:00:00
小黄瓜,蔬菜,3.6,3.0,3.3,2024-10-11 00:00:00
茄子,蔬菜,2.4,1.3,1.85,2024-10-11 00:00:00
长茄,蔬菜,2.9,1.6,2.25,2024-10-11 00:00:00
线茄,蔬菜,5.0,1.5,3.25,2024-10-11 00:00:00
山药,蔬菜,5.0,3.5,4.25,2024-10-11 00:00:00
山药,蔬菜,7.5,4.0,5.75,2024-10-11 00:00:00
莲藕,蔬菜,3.5,2.5,3.0,2024-10-11 00:00:00
红薯,蔬菜,1.3,0.9,1.1,2024-10-11 00:00:00
红薯,蔬菜,1.8,1.3,1.55,2024-10-11 00:00:00
紫薯,蔬菜,3.3,1.8,2.55,2024-10-11 00:00:00
荸荠,蔬菜,4.0,3.5,3.75,2024-10-11 00:00:00
荸荠,蔬菜,7.5,7.0,7.25,2024-10-11 00:00:00
芋头,蔬菜,2.5,2.0,2.25,2024-10-11 00:00:00
姜,蔬菜,6.0,5.5,5.75,2024-10-11 00:00:00
姜,蔬菜,8.3,6.0,7.15,2024-10-11 00:00:00
大蒜,蔬菜,7.3,4.5,5.9,2024-10-11 00:00:00
蒜米,蔬菜,5.2,4.8,5.0,2024-10-11 00:00:00
大葱,蔬菜,2.3,2.0,2.15,2024-10-11 00:00:00
小葱,蔬菜,5.0,2.8,3.9,2024-10-11 00:00:00
蒜苗,蔬菜,6.0,2.5,4.25,2024-10-11 00:00:00
蒜黄,蔬菜,6.0,5.5,5.75,2024-10-11 00:00:00
青蒜,蔬菜,4.5,4.0,4.25,2024-10-11 00:00:00
平菇,蔬菜,5.3,2.5,3.9,2024-10-11 00:00:00
香菇,蔬菜,7.0,3.5,5.25,2024-10-11 00:00:00
澶х借,,0.9,0.6,0.75,2024-10-19 00:00:00
濞濞,,1.5,1.2,1.35,2024-10-19 00:00:00
灏借,,1.0,0.8,0.9,2024-10-19 00:00:00
借,,1.4,1.0,1.2,2024-10-19 00:00:00
绱,,1.4,1.3,1.35,2024-10-19 00:00:00
硅,,1.7,1.4,1.55,2024-10-19 00:00:00
瑗胯,,4.2,4.0,4.1,2024-10-19 00:00:00
,,1.2,0.8,1.0,2024-10-19 00:00:00
寸,,2.2,1.2,1.7,2024-10-19 00:00:00
㈢,,2.8,1.3,2.05,2024-10-19 00:00:00
缃椹,,2.3,1.3,1.8,2024-10-19 00:00:00
ｅ剁,,1.3,1.0,1.15,2024-10-19 00:00:00
娌硅,,1.0,0.6,0.8,2024-10-19 00:00:00
棣,,2.0,1.2,1.6,2024-10-19 00:00:00
撮,,1.5,1.0,1.25,2024-10-19 00:00:00
,,2.5,2.0,2.25,2024-10-19 00:00:00
,,1.6,1.5,1.55,2024-10-19 00:00:00
娌归害,,2.0,1.5,1.75,2024-10-19 00:00:00
ｈ,,3.5,2.2,2.85,2024-10-19 00:00:00
缁胯,,3.3,2.5,2.9,2024-10-19 00:00:00
缁胯,,1.0,0.95,0.98,2024-10-19 00:00:00
榛璞,,0.9,0.85,0.88,2024-10-19 00:00:00
,,3.4,2.5,2.95,2024-10-19 00:00:00
,,4.5,3.5,4.0,2024-10-19 00:00:00
,,5.0,3.5,4.25,2024-10-19 00:00:00
榛,,1.6,0.8,1.2,2024-10-19 00:00:00
榛,,2.0,1.0,1.5,2024-10-19 00:00:00
灏榛,,3.0,2.8,2.9,2024-10-19 00:00:00
灏榛,,3.6,3.5,3.55,2024-10-19 00:00:00
瀛,,2.0,1.1,1.55,2024-10-19 00:00:00
胯,,1.8,1.4,1.6,2024-10-19 00:00:00
绾胯,,4.0,1.2,2.6,2024-10-19 00:00:00
骞胯,,3.0,1.0,2.0,2024-10-19 00:00:00
,,1.7,1.5,1.6,2024-10-19 00:00:00
,,1.1,0.9,1.0,2024-10-19 00:00:00
姣,,1.6,1.4,1.5,2024-10-19 00:00:00
惰,,5.0,3.3,4.15,2024-10-19 00:00:00
璞,,5.3,3.2,4.25,2024-10-19 00:00:00
璞,,4.5,3.5,4.0,2024-10-19 00:00:00
璞璞,,4.0,2.5,3.25,2024-10-19 00:00:00
借,,4.5,3.5,4.0,2024-10-19 00:00:00
娌硅,,5.0,4.0,4.5,2024-10-19 00:00:00
姣璞,,4.0,2.8,3.4,2024-10-19 00:00:00
辩,,5.0,2.3,3.65,2024-10-19 00:00:00
绫,,1.6,1.4,1.5,2024-10-19 00:00:00
绫,,1.8,1.6,1.7,2024-10-19 00:00:00
,,3.0,2.0,2.5,2024-10-19 00:00:00
涓,,5.0,2.0,3.5,2024-10-19 00:00:00
瑗胯,,2.2,1.2,1.7,2024-10-19 00:00:00
璐璐,,1.5,1.2,1.35,2024-10-19 00:00:00
涓,,1.2,1.0,1.1,2024-10-19 00:00:00
挎,,1.8,1.4,1.6,2024-10-19 00:00:00
,,1.7,1.4,1.55,2024-10-19 00:00:00
灏妞,,5.0,3.0,4.0,2024-10-19 00:00:00
绾㈠妞,,10.0,9.0,9.5,2024-10-19 00:00:00
缇浜烘,,6.5,5.5,6.0,2024-10-19 00:00:00
轰妞,,7.0,5.0,6.0,2024-10-19 00:00:00
垮妞,,3.8,2.5,3.15,2024-10-19 00:00:00
绾挎,,6.0,5.0,5.5,2024-10-19 00:00:00
妞,,4.5,4.0,4.25,2024-10-19 00:00:00
灏绫虫,,6.0,5.0,5.5,2024-10-19 00:00:00
褰╂,,14.0,12.0,13.0,2024-10-19 00:00:00
借,,0.9,0.6,0.75,2024-10-19 00:00:00
蹇缇,,1.5,1.0,1.25,2024-10-19 00:00:00
,,1.4,1.0,1.2,2024-10-19 00:00:00
,,1.7,1.2,1.45,2024-10-19 00:00:00
¤,,1.4,1.0,1.2,2024-10-19 00:00:00
¤,,1.5,1.3,1.4,2024-10-19 00:00:00
璞,,1.2,0.75,0.98,2024-10-19 00:00:00
卞ご,,0.9,0.75,0.83,2024-10-19 00:00:00
卞ご,,1.6,1.4,1.5,2024-10-19 00:00:00
灞辫,,3.5,3.0,3.25,2024-10-19 00:00:00
灞辫,,5.0,3.5,4.25,2024-10-19 00:00:00
灞辫,,7.5,4.0,5.75,2024-10-19 00:00:00
茶,,3.5,2.5,3.0,2024-10-19 00:00:00
绾㈣,,1.3,0.8,1.05,2024-10-19 00:00:00
绾㈣,,1.8,1.2,1.5,2024-10-19 00:00:00
绱,,3.3,1.7,2.5,2024-10-19 00:00:00
歌,,4.0,3.5,3.75,2024-10-19 00:00:00
歌,,7.5,7.0,7.25,2024-10-19 00:00:00
澶,,2.5,2.0,2.25,2024-10-19 00:00:00
濮,,6.0,5.5,5.75,2024-10-19 00:00:00
濮,,8.3,6.0,7.15,2024-10-19 00:00:00
澶ц,,7.3,4.5,5.9,2024-10-19 00:00:00
绫,,5.2,4.8,5.0,2024-10-19 00:00:00
澶ц,,2.0,1.8,1.9,2024-10-19 00:00:00
灏,,4.0,2.5,3.25,2024-10-19 00:00:00
,,6.0,2.5,4.25,2024-10-19 00:00:00
榛,,5.0,4.5,4.75,2024-10-19 00:00:00
,,5.0,4.8,4.9,2024-10-19 00:00:00
骞宠,,3.3,2.0,2.65,2024-10-19 00:00:00
棣,,7.0,3.5,5.25,2024-10-19 00:00:00
界,,4.1,3.6,3.85,2024-10-19 00:00:00
ｈ,,7.8,7.5,7.65,2024-10-19 00:00:00
椴,,3.8,3.2,3.5,2024-10-19 00:00:00
,,3.4,2.2,2.8,2024-10-19 00:00:00
绠辫,姘存,2.4,2.0,3.2,2024-10-19 00:00:00
戒骇ゆ,姘存,2.6,2.3,3.2,2024-10-19 00:00:00
ｅコ,姘存,7.5,6.5,7.0,2024-10-19 00:00:00
鹃,姘存,9.0,8.0,8.5,2024-10-19 00:00:00
澶姗,姘存,4.2,2.8,3.5,2024-10-19 00:00:00
绉娌绯妗,姘存,11.0,9.5,10.25,2024-10-19 00:00:00
绾㈠,姘存,3.8,2.5,3.15,2024-10-19 00:00:00
,姘存,3.2,2.0,2.6,2024-10-19 00:00:00
¤,姘存,3.3,2.2,2.75,2024-10-19 00:00:00
绉绾锛妗锛,姘存,4.0,2.0,3.0,2024-10-19 00:00:00
存锛缈棣锛,姘存,7.0,5.2,6.1,2024-10-19 00:00:00
存锛寰棣锛,姘存,4.5,2.5,3.5,2024-10-19 00:00:00
存锛绾㈤筹,姘存,11.0,8.0,9.5,2024-10-19 00:00:00
存锛浜,姘存,4.0,3.0,3.5,2024-10-19 00:00:00
骞叉,姘存,13.0,11.0,12.0,2024-10-19 00:00:00
瀛,姘存,4.5,2.0,3.25,2024-10-19 00:00:00
瑗挎锛扮锛,姘存,10.0,7.5,8.75,2024-10-19 00:00:00
绫藉-澶у,姘存,1.9,1.8,1.85,2024-10-19 00:00:00
楹楹,姘存,4.0,2.8,3.4,2024-10-19 00:00:00
榛缇浜,姘存,2.3,2.0,2.15,2024-10-19 00:00:00
瑰,姘存,2.9,2.8,2.85,2024-10-19 00:00:00
L600绉х,姘存,2.8,2.6,2.7,2024-10-19 00:00:00
,姘存,1.7,1.3,1.5,2024-10-19 00:00:00
戒骇棣,姘存,4.1,3.5,3.8,2024-10-19 00:00:00
灏,绂借,11.5,11.0,11.25,2024-10-19 00:00:00
灏,绂借,10.5,9.5,10.0,2024-10-19 00:00:00
灏,绂借,11.5,11.0,11.25,2024-10-19 00:00:00
灏,绂借,10.5,10.0,10.25,2024-10-19 00:00:00
浜辫,绂借,13.0,12.5,12.75,2024-10-19 00:00:00
浜辫,绂借,12.0,11.5,11.75,2024-10-19 00:00:00
绮句,绂借,17.0,15.0,16.0,2024-10-19 00:00:00
绾,绂借,15.0,13.0,14.0,2024-10-19 00:00:00
,绂借,11.5,10.5,11.0,2024-10-19 00:00:00
灏,绂借,17.0,16.0,16.5,2024-10-19 00:00:00
姊辫,绂借,14.0,13.0,13.5,2024-10-19 00:00:00
绾,绂借,12.5,11.0,11.75,2024-10-19 00:00:00
ゅ,绂借,20.0,17.0,18.5,2024-10-19 00:00:00
,绂借,10.5,9.5,10.0,2024-10-19 00:00:00
,绂借,9.0,8.0,8.5,2024-10-19 00:00:00
楠,绂借,22.0,19.0,20.5,2024-10-19 00:00:00
灏惧反,绂借,48.0,40.0,44.0,2024-10-19 00:00:00
韫,绂借,20.0,17.0,18.5,2024-10-19 00:00:00
绾楠,绂借,24.0,20.0,22.0,2024-10-19 00:00:00
绾楠,绂借,8.5,7.0,7.75,2024-10-19 00:00:00
,绂借,18.0,16.0,17.0,2024-10-19 00:00:00
板,绂借,12.0,10.0,11.0,2024-10-19 00:00:00
灏,绂借,30.0,23.0,26.5,2024-10-19 00:00:00
惧,绂借,32.0,30.0,31.0,2024-10-19 00:00:00
涓,绂借,25.0,25.0,25.0,2024-10-19 00:00:00
寸,绂借,23.5,23.5,23.5,2024-10-19 00:00:00
婚ㄧ,绂借,30.0,30.0,30.0,2024-10-19 00:00:00
婚ㄧ,绂借,32.0,31.0,31.5,2024-10-19 00:00:00
缇扮,绂借,28.0,27.0,27.5,2024-10-19 00:00:00
缇,绂借,35.0,25.0,30.0,2024-10-19 00:00:00
缇板,绂借,10.0,9.0,9.5,2024-10-19 00:00:00
缇瀛,绂借,14.0,13.0,13.5,2024-10-19 00:00:00
缇瀛,绂借,24.0,22.0,23.0,2024-10-19 00:00:00
缇楠,绂借,24.0,23.0,23.5,2024-10-19 00:00:00
缇灏惧反娌,绂借,8.0,7.0,7.5,2024-10-19 00:00:00
缇灏,绂借,19.0,18.0,18.5,2024-10-19 00:00:00
缇卞,绂借,32.0,32.0,32.0,2024-10-19 00:00:00
缇韫,绂借,15.0,14.5,14.75,2024-10-19 00:00:00
缇澶,绂借,12.0,12.0,12.0,2024-10-19 00:00:00
缇,绂借,7.0,7.0,7.0,2024-10-19 00:00:00
芥′钩楦,绂借,23.0,20.0,21.5,2024-10-19 00:00:00
芥″,绂借,23.0,22.0,22.5,2024-10-19 00:00:00
绛楦¤,绂借,213.0,208.0,210.5,2024-10-19 00:00:00
绛楦¤,绂借,4.84,4.73,4.79,2024-10-19 00:00:00
ｉ浮,绂借,5.5,5.3,5.4,2024-10-19 00:00:00
楦,绂借,8.0,7.0,7.5,2024-10-19 00:00:00
楦,绂借,9.5,8.0,8.75,2024-10-19 00:00:00
捐辫,绂借,9.5,7.5,8.5,2024-10-19 00:00:00
楣,绂借,21.0,18.0,19.5,2024-10-19 00:00:00
楣楣,绂借,7.0,6.0,6.5,2024-10-19 00:00:00
撮浮,绂借,9.5,4.9,7.2,2024-10-19 00:00:00
涔楦¤,绂借,9.0,8.0,8.5,2024-10-19 00:00:00
澶ч,绂借,20.0,17.0,18.5,2024-10-19 00:00:00
,绂借,1.0,0.7,0.85,2024-10-19 00:00:00
楦甸,绂借,150.0,120.0,135.0,2024-10-19 00:00:00
楦藉,绂借,3.8,3.7,3.75,2024-10-19 00:00:00
娲荤瀛,绂借,1.5,1.4,1.45,2024-10-19 00:00:00
灞遍浮,绂借,1.2,1.1,1.15,2024-10-19 00:00:00
澶х借,,0.9,0.6,0.75,2024-10-18 00:00:00
濞濞,,1.5,1.2,1.35,2024-10-18 00:00:00
姣璞,,4.0,2.8,3.4,2024-10-18 00:00:00
辩,,5.0,2.3,3.65,2024-10-18 00:00:00
绫,,1.4,1.3,1.35,2024-10-18 00:00:00
绫,,1.5,1.3,1.4,2024-10-18 00:00:00
,,3.0,2.0,2.5,2024-10-18 00:00:00
涓,,5.0,2.0,3.5,2024-10-18 00:00:00
瑗胯,,2.0,1.0,1.5,2024-10-18 00:00:00
璐璐,,1.5,1.2,1.35,2024-10-18 00:00:00
涓,,1.2,1.0,1.1,2024-10-18 00:00:00
挎,,1.8,1.4,1.6,2024-10-18 00:00:00
,,1.7,1.4,1.55,2024-10-18 00:00:00
灏妞,,5.0,3.0,4.0,2024-10-18 00:00:00
绾㈠妞,,10.0,9.0,9.5,2024-10-18 00:00:00
缇浜烘,,6.5,5.5,6.0,2024-10-18 00:00:00
轰妞,,7.0,5.0,6.0,2024-10-18 00:00:00
垮妞,,3.8,2.5,3.15,2024-10-18 00:00:00
绾挎,,6.0,5.0,5.5,2024-10-18 00:00:00
妞,,4.5,4.0,4.25,2024-10-18 00:00:00
灏绫虫,,6.0,5.0,5.5,2024-10-18 00:00:00
褰╂,,14.0,12.0,13.0,2024-10-18 00:00:00
艰,,3.5,3.0,3.25,2024-10-18 00:00:00
垮绉,,3.0,2.5,2.75,2024-10-18 00:00:00
姘磋,,2.5,2.0,2.25,2024-10-18 00:00:00
妯辨,,2.0,1.5,1.75,2024-10-18 00:00:00
棣,,3.5,2.8,3.15,2024-10-18 00:00:00
,,3.5,2.5,3.0,2024-10-18 00:00:00
,,4.5,3.8,4.15,2024-10-18 00:00:00
辫,,2.0,1.5,1.75,2024-10-18 00:00:00
榛蹇,,3.0,2.0,2.5,2024-10-18 00:00:00
,,4.5,3.5,4.0,2024-10-18 00:00:00
,,2.5,2.0,2.25,2024-10-18 00:00:00
ュ,,3.0,2.0,2.5,2024-10-18 00:00:00
蹇,,2.0,1.3,1.65,2024-10-18 00:00:00
绌哄,,3.0,2.0,2.5,2024-10-18 00:00:00
楦℃,,2.5,2.0,2.25,2024-10-18 00:00:00
,,5.5,5.0,5.25,2024-10-18 00:00:00
,,5.0,4.0,4.5,2024-10-18 00:00:00
绱,,5.0,4.0,4.5,2024-10-18 00:00:00
璞璞,,5.5,5.0,5.25,2024-10-18 00:00:00
蹇,,1.5,0.8,1.15,2024-10-18 00:00:00
绫藉-澶у,姘存,1.9,1.8,1.85,2024-10-18 00:00:00
楹楹,姘存,3.8,2.8,3.3,2024-10-18 00:00:00
榛缇浜,姘存,2.3,2.0,2.15,2024-10-18 00:00:00
瑰,姘存,2.9,2.8,2.85,2024-10-18 00:00:00
L600绉х,姘存,2.8,2.6,2.7,2024-10-18 00:00:00
,姘存,1.7,1.3,1.5,2024-10-18 00:00:00
戒骇棣,姘存,4.1,3.5,3.8,2024-10-18 00:00:00
杩ｉ,姘存,5.0,4.6,4.8,2024-10-18 00:00:00
娉板介,姘存,14.0,12.0,13.0,2024-10-18 00:00:00
25,姘存,3.3,2.5,2.9,2024-10-18 00:00:00
瑗垮,姘存,2.2,1.6,1.9,2024-10-18 00:00:00
,姘存,3.0,2.6,2.8,2024-10-18 00:00:00
缃绾,姘存,6.0,4.5,5.25,2024-10-18 00:00:00
缇瑙,姘存,5.5,4.0,4.75,2024-10-18 00:00:00
辫剧,姘存,5.5,4.5,5.0,2024-10-18 00:00:00
缁垮,姘存,5.5,4.0,4.75,2024-10-18 00:00:00
,姘存,5.0,4.5,4.75,2024-10-18 00:00:00
涔绾㈢,姘存,2.8,2.2,2.5,2024-10-18 00:00:00
瀵澹,姘存,4.3,2.0,3.15,2024-10-18 00:00:00
瀵澹,姘存,2.6,1.8,2.2,2024-10-18 00:00:00
,绂借,10.5,9.5,10.0,2024-10-18 00:00:00
,绂借,9.0,8.0,8.5,2024-10-18 00:00:00
楠,绂借,22.0,19.0,20.5,2024-10-18 00:00:00
灏惧反,绂借,48.0,40.0,44.0,2024-10-18 00:00:00
韫,绂借,20.0,17.0,18.5,2024-10-18 00:00:00
绾楠,绂借,24.0,20.0,22.0,2024-10-18 00:00:00
绾楠,绂借,8.5,7.0,7.75,2024-10-18 00:00:00
楠,绂借,15.0,14.0,14.5,2024-10-18 00:00:00
姊遍,绂借,11.0,10.0,10.5,2024-10-18 00:00:00
妫楠,绂借,9.0,8.5,8.75,2024-10-18 00:00:00
澶,绂借,10.0,10.0,10.0,2024-10-18 00:00:00
ｆ,绂借,15.0,15.0,15.0,2024-10-18 00:00:00
,绂借,25.0,23.0,24.0,2024-10-18 00:00:00
,绂借,25.0,20.0,22.5,2024-10-18 00:00:00
,绂借,22.0,18.0,20.0,2024-10-18 00:00:00
挎补,绂借,6.0,5.5,5.75,2024-10-18 00:00:00
ヨ,绂借,5.5,5.0,5.25,2024-10-18 00:00:00
板,绂借,22.0,22.0,22.0,2024-10-18 00:00:00
蹇,绂借,8.0,8.0,8.0,2024-10-18 00:00:00
,绂借,6.0,5.5,5.75,2024-10-18 00:00:00
蹇,绂借,7.0,6.0,6.5,2024-10-18 00:00:00
,绂借,25.0,23.0,24.0,2024-10-18 00:00:00
楠,绂借,4.5,4.0,4.25,2024-10-18 00:00:00
楠,绂借,25.0,25.0,25.0,2024-10-18 00:00:00
韫绛,绂借,24.0,22.0,23.0,2024-10-18 00:00:00
跨,绂借,28.0,27.0,27.5,2024-10-18 00:00:00
蹇绠,绂借,35.0,30.0,32.5,2024-10-18 00:00:00
,绂借,18.0,16.0,17.0,2024-10-18 00:00:00
板,绂借,12.0,10.0,11.0,2024-10-18 00:00:00
灏,绂借,30.0,23.0,26.5,2024-10-18 00:00:00
惧,绂借,32.0,30.0,31.0,2024-10-18 00:00:00
涓,绂借,25.0,25.0,25.0,2024-10-18 00:00:00
寸,绂借,23.5,23.5,23.5,2024-10-18 00:00:00
婚ㄧ,绂借,30.0,30.0,30.0,2024-10-18 00:00:00
婚ㄧ,绂借,32.0,31.0,31.5,2024-10-18 00:00:00
缇扮,绂借,28.0,27.0,27.5,2024-10-18 00:00:00
缇,绂借,35.0,25.0,30.0,2024-10-18 00:00:00
缇板,绂借,10.0,9.0,9.5,2024-10-18 00:00:00
缇瀛,绂借,14.0,13.0,13.5,2024-10-18 00:00:00
缇瀛,绂借,24.0,22.0,23.0,2024-10-18 00:00:00
楦,绂借,7.5,7.0,7.25,2024-10-18 00:00:00
楦,绂借,3.0,2.5,2.75,2024-10-18 00:00:00
楦澶,绂借,11.5,10.5,11.0,2024-10-18 00:00:00
楦蹇,绂借,5.5,5.0,5.25,2024-10-18 00:00:00
楦,绂借,6.0,5.5,5.75,2024-10-18 00:00:00
楦,绂借,13.5,12.5,13.0,2024-10-18 00:00:00
楦瀛,绂借,9.0,8.0,8.5,2024-10-18 00:00:00
芥′钩楦,绂借,23.0,20.0,21.5,2024-10-18 00:00:00
芥″,绂借,23.0,22.0,22.5,2024-10-18 00:00:00
绛楦¤,绂借,213.0,208.0,210.5,2024-10-18 00:00:00
绛楦¤,绂借,4.84,4.73,4.79,2024-10-18 00:00:00
ｉ浮,绂借,5.5,5.3,5.4,2024-10-18 00:00:00
楦,绂借,8.0,7.0,7.5,2024-10-18 00:00:00
楦,绂借,9.5,8.0,8.75,2024-10-18 00:00:00
捐辫,绂借,9.5,7.5,8.5,2024-10-18 00:00:00
楣,绂借,21.0,18.0,19.5,2024-10-18 00:00:00
楣楣,绂借,7.0,6.0,6.5,2024-10-18 00:00:00
撮浮,绂借,9.5,4.9,7.2,2024-10-18 00:00:00
涔楦¤,绂借,9.0,8.0,8.5,2024-10-18 00:00:00
澶ч,绂借,20.0,17.0,18.5,2024-10-18 00:00:00
楸块奔,姘翠骇,21.0,20.0,20.5,2024-10-18 00:00:00
楸块奔,姘翠骇,26.0,25.0,25.5,2024-10-18 00:00:00
楸,姘翠骇,50.0,45.0,47.5,2024-10-18 00:00:00
娴烽楸,姘翠骇,18.0,17.5,17.75,2024-10-18 00:00:00
澧ㄩ奔,姘翠骇,32.0,32.0,32.0,2024-10-18 00:00:00
椴抽奔,姘翠骇,24.0,23.0,23.5,2024-10-18 00:00:00
椴抽奔,姘翠骇,25.0,24.0,24.5,2024-10-18 00:00:00
借,姘翠骇,18.0,17.0,17.5,2024-10-18 00:00:00
借,姘翠骇,25.0,23.5,24.25,2024-10-18 00:00:00
借,姘翠骇,23.0,22.0,22.5,2024-10-18 00:00:00
借,姘翠骇,21.0,20.5,20.75,2024-10-18 00:00:00
借撅绗艰锛,姘翠骇,25.0,25.0,25.0,2024-10-18 00:00:00
借撅绗艰锛,姘翠骇,24.0,24.0,24.0,2024-10-18 00:00:00
借撅绮惧锛,姘翠骇,26.0,26.0,26.0,2024-10-18 00:00:00
借撅绮惧锛,姘翠骇,25.0,25.0,25.0,2024-10-18 00:00:00
灏娴风借,姘翠骇,30.0,25.0,27.5,2024-10-18 00:00:00
灏娌宠,姘翠骇,25.0,23.0,24.0,2024-10-18 00:00:00
灏娌宠,姘翠骇,35.0,32.0,33.5,2024-10-18 00:00:00
电惰,姘翠骇,35.0,28.0,31.5,2024-10-18 00:00:00
灏榫,姘翠骇,190.0,180.0,185.0,2024-10-18 00:00:00
查奔,姘翠骇,25.0,22.0,23.5,2024-10-18 00:00:00
,姘翠骇,50.0,48.0,49.0,2024-10-18 00:00:00
,姘翠骇,8.0,7.0,7.5,2024-10-18 00:00:00
娴疯澶,姘翠骇,12.0,10.0,11.0,2024-10-18 00:00:00
娴疯,姘翠骇,15.0,12.0,13.5,2024-10-18 00:00:00
娴疯涓,姘翠骇,8.5,7.0,7.75,2024-10-18 00:00:00
澶х借,,0.9,0.6,0.75,2024-10-17 00:00:00
濞濞,,1.5,1.2,1.35,2024-10-17 00:00:00
灏借,,1.2,0.8,1.0,2024-10-17 00:00:00
借,,1.6,1.0,1.3,2024-10-17 00:00:00
绱,,1.4,1.3,1.35,2024-10-17 00:00:00
硅,,2.2,1.6,1.9,2024-10-17 00:00:00
瑗胯,,4.2,4.0,4.1,2024-10-17 00:00:00
,,1.5,1.3,1.4,2024-10-17 00:00:00
寸,,2.5,1.2,1.85,2024-10-17 00:00:00
㈢,,2.8,1.5,2.15,2024-10-17 00:00:00
缃椹,,2.3,1.5,1.9,2024-10-17 00:00:00
ｅ剁,,1.3,1.0,1.15,2024-10-17 00:00:00
娌硅,,1.2,0.7,0.95,2024-10-17 00:00:00
棣,,2.5,2.0,2.25,2024-10-17 00:00:00
绾㈠妞,,10.0,9.0,9.5,2024-10-17 00:00:00
缇浜烘,,6.5,5.5,6.0,2024-10-17 00:00:00
轰妞,,7.0,5.0,6.0,2024-10-17 00:00:00
垮妞,,3.8,2.5,3.15,2024-10-17 00:00:00
绾挎,,6.0,5.0,5.5,2024-10-17 00:00:00
妞,,4.5,4.0,4.25,2024-10-17 00:00:00
灏绫虫,,6.0,5.0,5.5,2024-10-17 00:00:00
褰╂,,14.0,12.0,13.0,2024-10-17 00:00:00
借,,1.0,0.7,0.85,2024-10-17 00:00:00
蹇缇,,1.5,1.0,1.25,2024-10-17 00:00:00
,,1.4,1.0,1.2,2024-10-17 00:00:00
,,1.7,1.2,1.45,2024-10-17 00:00:00
¤,,1.4,1.0,1.2,2024-10-17 00:00:00
¤,,1.5,1.3,1.4,2024-10-17 00:00:00
璞,,1.2,0.75,0.98,2024-10-17 00:00:00
卞ご,,0.9,0.75,0.83,2024-10-17 00:00:00
卞ご,,1.6,1.4,1.5,2024-10-17 00:00:00
灞辫,,3.5,3.0,3.25,2024-10-17 00:00:00
灞辫,,5.0,3.5,4.25,2024-10-17 00:00:00
灞辫,,7.5,4.0,5.75,2024-10-17 00:00:00
蹇,,2.0,1.3,1.65,2024-10-17 00:00:00
绌哄,,3.0,2.0,2.5,2024-10-17 00:00:00
楦℃,,3.0,2.0,2.5,2024-10-17 00:00:00
,,5.5,5.0,5.25,2024-10-17 00:00:00
,,5.0,4.0,4.5,2024-10-17 00:00:00
绱,,5.0,4.0,4.5,2024-10-17 00:00:00
璞璞,,5.5,5.0,5.25,2024-10-17 00:00:00
蹇,,1.5,0.8,1.15,2024-10-17 00:00:00
,,2.5,2.0,2.25,2024-10-17 00:00:00
绌垮,,4.5,3.5,4.0,2024-10-17 00:00:00
ㄨ宠,,4.0,3.0,3.5,2024-10-17 00:00:00
绠辫,姘存,2.4,2.0,3.2,2024-10-17 00:00:00
戒骇ゆ,姘存,2.6,2.3,3.2,2024-10-17 00:00:00
ｅコ,姘存,7.5,6.5,7.0,2024-10-17 00:00:00
鹃,姘存,9.0,8.0,8.5,2024-10-17 00:00:00
榛,姘存,14.0,10.0,12.0,2024-10-17 00:00:00
,姘存,7.5,3.5,5.5,2024-10-17 00:00:00
浜哄,姘存,8.0,5.5,6.75,2024-10-17 00:00:00
榫,姘存,6.5,3.6,5.05,2024-10-17 00:00:00
榫,姘存,6.0,4.0,5.0,2024-10-17 00:00:00
绉绾锛妗锛,姘存,4.0,2.0,3.0,2024-10-17 00:00:00
存锛缈棣锛,姘存,7.0,5.2,6.1,2024-10-17 00:00:00
存锛寰棣锛,姘存,4.5,2.5,3.5,2024-10-17 00:00:00
存锛绾㈤筹,姘存,11.0,8.0,9.5,2024-10-17 00:00:00
存锛浜,姘存,4.0,3.0,3.5,2024-10-17 00:00:00
骞叉,姘存,13.0,11.0,12.0,2024-10-17 00:00:00
瀛,姘存,4.5,2.0,3.25,2024-10-17 00:00:00
瑗挎锛扮锛,姘存,10.0,7.5,8.75,2024-10-17 00:00:00
绫藉-澶у,姘存,1.9,1.8,1.85,2024-10-17 00:00:00
楹楹,姘存,3.8,2.8,3.3,2024-10-17 00:00:00
榛缇浜,姘存,2.3,2.0,2.15,2024-10-17 00:00:00
瑰,姘存,2.9,2.8,2.85,2024-10-17 00:00:00
L600绉х,姘存,2.8,2.6,2.7,2024-10-17 00:00:00
,姘存,1.7,1.3,1.5,2024-10-17 00:00:00
戒骇棣,姘存,4.1,3.5,3.8,2024-10-17 00:00:00
杩ｉ,姘存,5.0,4.6,4.8,2024-10-17 00:00:00
娉板介,姘存,14.0,12.0,13.0,2024-10-17 00:00:00
25,姘存,3.3,2.5,2.9,2024-10-17 00:00:00
瑗垮,姘存,2.2,1.6,1.9,2024-10-17 00:00:00
,姘存,3.0,2.6,2.8,2024-10-17 00:00:00
浜辫,绂借,12.0,11.5,11.75,2024-10-17 00:00:00
绮句,绂借,17.0,15.0,16.0,2024-10-17 00:00:00
绾,绂借,15.0,13.0,14.0,2024-10-17 00:00:00
,绂借,11.5,10.5,11.0,2024-10-17 00:00:00
灏,绂借,17.0,16.0,16.5,2024-10-17 00:00:00
姊辫,绂借,14.0,13.0,13.5,2024-10-17 00:00:00
绾,绂借,12.5,11.0,11.75,2024-10-17 00:00:00
ゅ,绂借,20.0,17.0,18.5,2024-10-17 00:00:00
,绂借,10.5,9.5,10.0,2024-10-17 00:00:00
,绂借,9.0,8.5,8.75,2024-10-17 00:00:00
楠,绂借,22.0,19.0,20.5,2024-10-17 00:00:00
灏惧反,绂借,48.0,40.0,44.0,2024-10-17 00:00:00
韫,绂借,20.0,17.0,18.5,2024-10-17 00:00:00
绾楠,绂借,24.0,20.0,22.0,2024-10-17 00:00:00
绾楠,绂借,8.5,7.0,7.75,2024-10-17 00:00:00
楠,绂借,15.0,14.0,14.5,2024-10-17 00:00:00
姊遍,绂借,11.0,10.0,10.5,2024-10-17 00:00:00
妫楠,绂借,9.0,8.5,8.75,2024-10-17 00:00:00
澶,绂借,10.0,10.0,10.0,2024-10-17 00:00:00
ｆ,绂借,15.0,15.0,15.0,2024-10-17 00:00:00
寸,绂借,23.5,23.5,23.5,2024-10-17 00:00:00
婚ㄧ,绂借,30.0,29.0,29.5,2024-10-17 00:00:00
婚ㄧ,绂借,32.0,31.0,31.5,2024-10-17 00:00:00
缇扮,绂借,28.0,27.0,27.5,2024-10-17 00:00:00
缇,绂借,35.0,25.0,30.0,2024-10-17 00:00:00
缇板,绂借,10.0,9.0,9.5,2024-10-17 00:00:00
缇瀛,绂借,14.0,13.0,13.5,2024-10-17 00:00:00
缇瀛,绂借,24.0,22.0,23.0,2024-10-17 00:00:00
缇楠,绂借,24.0,23.0,23.5,2024-10-17 00:00:00
缇灏惧反娌,绂借,8.0,7.5,7.75,2024-10-17 00:00:00
缇灏,绂借,19.0,18.0,18.5,2024-10-17 00:00:00
缇卞,绂借,32.0,31.0,31.5,2024-10-17 00:00:00
缇韫,绂借,15.0,14.5,14.75,2024-10-17 00:00:00
缇澶,绂借,12.0,12.0,12.0,2024-10-17 00:00:00
缇,绂借,7.0,7.0,7.0,2024-10-17 00:00:00
缇蹇,绂借,15.0,15.0,15.0,2024-10-17 00:00:00
缇,绂借,15.0,14.0,14.5,2024-10-17 00:00:00
缇,绂借,16.0,16.0,16.0,2024-10-17 00:00:00
缇,绂借,75.0,70.0,72.5,2024-10-17 00:00:00
缇瀹,绂借,32.0,32.0,32.0,2024-10-17 00:00:00
楦,绂借,8.0,7.0,7.5,2024-10-17 00:00:00
楦,绂借,9.5,8.0,8.75,2024-10-17 00:00:00
捐辫,绂借,9.5,7.5,8.5,2024-10-17 00:00:00
楣,绂借,21.0,18.0,19.5,2024-10-17 00:00:00
楣楣,绂借,7.0,6.0,6.5,2024-10-17 00:00:00
撮浮,绂借,9.5,4.9,7.2,2024-10-17 00:00:00
涔楦¤,绂借,9.0,8.0,8.5,2024-10-17 00:00:00
澶ч,绂借,20.0,17.0,18.5,2024-10-17 00:00:00
,绂借,1.0,0.7,0.85,2024-10-17 00:00:00
楦甸,绂借,150.0,120.0,135.0,2024-10-17 00:00:00
楦藉,绂借,3.8,3.7,3.75,2024-10-17 00:00:00
娲荤瀛,绂借,1.5,1.4,1.45,2024-10-17 00:00:00
灞遍浮,绂借,1.2,1.1,1.15,2024-10-17 00:00:00
椴ら奔,姘翠骇,6.0,6.0,6.0,2024-10-17 00:00:00
椴ら奔,姘翠骇,7.0,6.5,6.75,2024-10-17 00:00:00
楸,姘翠骇,6.5,6.5,6.5,2024-10-17 00:00:00
楸,姘翠骇,7.0,6.5,6.75,2024-10-17 00:00:00
楸,姘翠骇,9.0,7.5,8.25,2024-10-17 00:00:00
椴楸,姘翠骇,11.0,10.0,10.5,2024-10-17 00:00:00
椴楸,姘翠骇,11.5,11.0,11.25,2024-10-17 00:00:00
甯楸,姘翠骇,18.0,17.5,17.75,2024-10-17 00:00:00
榛遍奔,姘翠骇,22.0,21.0,21.5,2024-10-17 00:00:00
榛遍奔,姘翠骇,23.0,22.0,22.5,2024-10-17 00:00:00
榛遍奔,姘翠骇,23.0,22.0,22.5,2024-10-17 00:00:00
骞抽奔,姘翠骇,13.0,12.0,12.5,2024-10-17 00:00:00
骞抽奔,姘翠骇,22.0,18.0,20.0,2024-10-17 00:00:00
骞抽奔,姘翠骇,30.0,28.0,29.0,2024-10-17 00:00:00
骞抽奔,姘翠骇,50.0,45.0,47.5,2024-10-17 00:00:00
楸块奔,姘翠骇,21.0,20.0,20.5,2024-10-17 00:00:00
楸块奔,姘翠骇,26.0,25.0,25.5,2024-10-17 00:00:00
楸,姘翠骇,50.0,45.0,47.5,2024-10-17 00:00:00
娴烽楸,姘翠骇,18.0,17.5,17.75,2024-10-17 00:00:00
澧ㄩ奔,姘翠骇,32.0,32.0,32.0,2024-10-17 00:00:00
椴抽奔,姘翠骇,24.0,23.0,23.5,2024-10-17 00:00:00
椴抽奔,姘翠骇,25.0,24.0,24.5,2024-10-17 00:00:00
借,姘翠骇,18.0,17.0,17.5,2024-10-17 00:00:00
借,姘翠骇,25.0,23.5,24.25,2024-10-17 00:00:00
借,姘翠骇,23.0,22.0,22.5,2024-10-17 00:00:00
借,姘翠骇,21.0,20.5,20.75,2024-10-17 00:00:00
借撅绗艰锛,姘翠骇,26.0,25.0,25.5,2024-10-17 00:00:00
瑗胯,,4.3,3.9,4.1,2024-10-16 00:00:00
,,1.5,1.3,1.4,2024-10-16 00:00:00
寸,,2.5,1.5,2.0,2024-10-16 00:00:00
㈢,,2.8,1.5,2.15,2024-10-16 00:00:00
缃椹,,2.3,1.5,1.9,2024-10-16 00:00:00
ｅ剁,,1.3,1.0,1.15,2024-10-16 00:00:00
娌硅,,1.2,0.8,1.0,2024-10-16 00:00:00
棣,,2.5,2.0,2.25,2024-10-16 00:00:00
撮,,1.5,1.0,1.25,2024-10-16 00:00:00
,,2.5,2.0,2.25,2024-10-16 00:00:00
,,1.8,1.7,1.75,2024-10-16 00:00:00
娌归害,,2.5,2.0,2.25,2024-10-16 00:00:00
ｈ,,4.0,2.8,3.4,2024-10-16 00:00:00
缁胯,,4.0,3.0,3.5,2024-10-16 00:00:00
缁胯,,1.0,0.95,0.98,2024-10-16 00:00:00
榛璞,,0.9,0.85,0.88,2024-10-16 00:00:00
,,3.6,2.5,3.05,2024-10-16 00:00:00
,,4.5,3.5,4.0,2024-10-16 00:00:00
,,5.3,4.0,4.65,2024-10-16 00:00:00
榛,,1.6,1.0,1.3,2024-10-16 00:00:00
¤,,1.4,1.0,1.2,2024-10-16 00:00:00
¤,,1.5,1.3,1.4,2024-10-16 00:00:00
璞,,1.2,0.75,0.98,2024-10-16 00:00:00
卞ご,,0.9,0.75,0.83,2024-10-16 00:00:00
卞ご,,1.5,1.3,1.4,2024-10-16 00:00:00
灞辫,,3.5,3.0,3.25,2024-10-16 00:00:00
灞辫,,5.0,3.5,4.25,2024-10-16 00:00:00
灞辫,,7.5,4.0,5.75,2024-10-16 00:00:00
茶,,3.5,2.5,3.0,2024-10-16 00:00:00
绾㈣,,1.3,0.8,1.05,2024-10-16 00:00:00
绾㈣,,1.8,1.2,1.5,2024-10-16 00:00:00
绱,,3.3,1.7,2.5,2024-10-16 00:00:00
歌,,4.0,3.5,3.75,2024-10-16 00:00:00
歌,,7.5,7.0,7.25,2024-10-16 00:00:00
澶,,2.5,2.0,2.25,2024-10-16 00:00:00
濮,,6.0,5.5,5.75,2024-10-16 00:00:00
濮,,8.3,6.0,7.15,2024-10-16 00:00:00
澶ц,,7.3,4.5,5.9,2024-10-16 00:00:00
绫,,5.2,4.8,5.0,2024-10-16 00:00:00
澶ц,,2.0,1.8,1.9,2024-10-16 00:00:00
戒骇ゆ,姘存,2.6,2.3,3.2,2024-10-16 00:00:00
ｅコ,姘存,7.5,7.0,7.25,2024-10-16 00:00:00
鹃,姘存,9.0,8.0,8.5,2024-10-16 00:00:00
榛,姘存,14.0,11.0,12.5,2024-10-16 00:00:00
,姘存,7.5,3.5,5.5,2024-10-16 00:00:00
浜哄,姘存,8.0,5.5,6.75,2024-10-16 00:00:00
榫,姘存,6.6,3.6,5.1,2024-10-16 00:00:00
榫,姘存,6.0,4.0,5.0,2024-10-16 00:00:00
挎,姘存,4.0,3.0,3.5,2024-10-16 00:00:00
娌规,姘存,8.0,6.0,7.0,2024-10-16 00:00:00
ㄧ,姘存,7.0,6.0,6.5,2024-10-16 00:00:00
纾ㄧ垮,姘存,2.5,2.2,2.35,2024-10-16 00:00:00
垮,姘存,2.2,1.5,1.85,2024-10-16 00:00:00
,姘存,1.6,1.5,1.55,2024-10-16 00:00:00
妗,姘存,9.0,6.0,7.5,2024-10-16 00:00:00
妾,姘存,5.0,3.0,4.0,2024-10-16 00:00:00
虫Υ,姘存,4.0,3.0,3.5,2024-10-16 00:00:00
灏灞辨,姘存,5.5,4.5,5.0,2024-10-16 00:00:00
灞辨,姘存,4.0,3.0,3.5,2024-10-16 00:00:00
告,姘存,1.5,1.4,1.45,2024-10-16 00:00:00
L600绉х,姘存,2.8,2.6,2.7,2024-10-16 00:00:00
,姘存,1.7,1.3,1.5,2024-10-16 00:00:00
戒骇棣,姘存,4.1,3.6,3.85,2024-10-16 00:00:00
杩ｉ,姘存,5.0,4.6,4.8,2024-10-16 00:00:00
娉板介,姘存,14.0,12.0,13.0,2024-10-16 00:00:00
25,姘存,3.3,2.5,2.9,2024-10-16 00:00:00
瑗垮,姘存,2.2,1.6,1.9,2024-10-16 00:00:00
,姘存,3.0,2.6,2.8,2024-10-16 00:00:00
缃绾,姘存,6.0,4.5,5.25,2024-10-16 00:00:00
缇瑙,姘存,5.5,4.0,4.75,2024-10-16 00:00:00
辫剧,姘存,5.5,4.5,5.0,2024-10-16 00:00:00
缁垮,姘存,5.5,4.0,4.75,2024-10-16 00:00:00
,姘存,5.0,4.5,4.75,2024-10-16 00:00:00
涔绾㈢,姘存,2.8,2.2,2.5,2024-10-16 00:00:00
瀵澹,姘存,4.3,2.0,3.15,2024-10-16 00:00:00
瀵澹,姘存,2.6,1.8,2.2,2024-10-16 00:00:00
瀵澹,姘存,5.5,4.5,5.0,2024-10-16 00:00:00
榛甯,姘存,3.5,2.5,3.0,2024-10-16 00:00:00
辩,姘存,4.5,2.0,3.25,2024-10-16 00:00:00
垮,姘存,4.6,3.7,4.15,2024-10-16 00:00:00
韫,绂借,20.0,17.0,18.5,2024-10-16 00:00:00
绾楠,绂借,24.0,20.0,22.0,2024-10-16 00:00:00
绾楠,绂借,8.5,7.0,7.75,2024-10-16 00:00:00
楠,绂借,15.0,14.0,14.5,2024-10-16 00:00:00
姊遍,绂借,11.0,10.0,10.5,2024-10-16 00:00:00
妫楠,绂借,9.0,8.5,8.75,2024-10-16 00:00:00
澶,绂借,10.0,10.0,10.0,2024-10-16 00:00:00
ｆ,绂借,15.0,15.0,15.0,2024-10-16 00:00:00
,绂借,25.0,23.0,24.0,2024-10-16 00:00:00
,绂借,25.0,20.0,22.5,2024-10-16 00:00:00
,绂借,22.0,18.0,20.0,2024-10-16 00:00:00
挎补,绂借,6.0,5.5,5.75,2024-10-16 00:00:00
ヨ,绂借,5.5,5.0,5.25,2024-10-16 00:00:00
板,绂借,22.0,21.5,21.75,2024-10-16 00:00:00
蹇,绂借,8.0,8.0,8.0,2024-10-16 00:00:00
,绂借,6.0,5.5,5.75,2024-10-16 00:00:00
,绂借,3.0,3.0,3.0,2024-10-16 00:00:00
,绂借,5.0,4.0,4.5,2024-10-16 00:00:00
澶,绂借,20.0,20.0,20.0,2024-10-16 00:00:00
,绂借,18.0,16.0,17.0,2024-10-16 00:00:00
缇韫,绂借,15.0,14.5,14.75,2024-10-16 00:00:00
缇澶,绂借,12.0,12.0,12.0,2024-10-16 00:00:00
缇,绂借,7.0,7.0,7.0,2024-10-16 00:00:00
缇蹇,绂借,15.0,15.0,15.0,2024-10-16 00:00:00
缇,绂借,15.0,14.0,14.5,2024-10-16 00:00:00
缇,绂借,16.0,16.0,16.0,2024-10-16 00:00:00
缇,绂借,75.0,70.0,72.5,2024-10-16 00:00:00
缇瀹,绂借,32.0,32.0,32.0,2024-10-16 00:00:00
缇楠ㄥご,绂借,9.0,8.0,8.5,2024-10-16 00:00:00
缇涓,绂借,32.0,31.0,31.5,2024-10-16 00:00:00
缇,绂借,23.0,21.0,22.0,2024-10-16 00:00:00
缇,绂借,31.0,29.0,30.0,2024-10-16 00:00:00
娣姹伴浮,绂借,12.0,11.5,11.75,2024-10-16 00:00:00
娣姹伴浮,绂借,11.0,10.5,10.75,2024-10-16 00:00:00
浠楦,绂借,7.0,6.8,6.9,2024-10-16 00:00:00
楦,绂借,7.0,6.5,6.75,2024-10-16 00:00:00
楦¤,绂借,7.0,6.0,6.5,2024-10-16 00:00:00
楦＄,绂借,11.0,11.0,11.0,2024-10-16 00:00:00
楦＄灏,绂借,7.5,7.5,7.5,2024-10-16 00:00:00
楦＄涓,绂借,21.0,21.0,21.0,2024-10-16 00:00:00
灞遍浮,绂借,1.2,1.1,1.15,2024-10-16 00:00:00
椴ら奔,姘翠骇,6.0,6.0,6.0,2024-10-16 00:00:00
椴ら奔,姘翠骇,7.0,6.5,6.75,2024-10-16 00:00:00
楸,姘翠骇,6.5,6.5,6.5,2024-10-16 00:00:00
楸,姘翠骇,7.0,6.5,6.75,2024-10-16 00:00:00
楸,姘翠骇,9.0,7.5,8.25,2024-10-16 00:00:00
椴楸,姘翠骇,11.0,10.0,10.5,2024-10-16 00:00:00
椴楸,姘翠骇,11.5,11.0,11.25,2024-10-16 00:00:00
椴楸,姘翠骇,12.5,11.5,12.0,2024-10-16 00:00:00
澶撮奔,姘翠骇,11.0,10.0,10.5,2024-10-16 00:00:00
澶撮奔,姘翠骇,10.0,9.5,9.75,2024-10-16 00:00:00
姝楸,姘翠骇,12.0,11.0,11.5,2024-10-16 00:00:00
椴㈤奔,姘翠骇,4.5,4.0,4.25,2024-10-16 00:00:00
椴㈤奔,姘翠骇,4.0,3.5,3.75,2024-10-16 00:00:00
椴堕奔,姘翠骇,6.0,5.0,5.5,2024-10-16 00:00:00
捐遍奔,姘翠骇,11.0,10.0,10.5,2024-10-16 00:00:00
榛楸,姘翠骇,14.0,13.0,13.5,2024-10-16 00:00:00
榛楸,姘翠骇,15.0,14.0,14.5,2024-10-16 00:00:00
榛槌,姘翠骇,30.0,29.0,29.5,2024-10-16 00:00:00
榛槌,姘翠骇,40.0,38.0,39.0,2024-10-16 00:00:00
澧ㄩ奔,姘翠骇,32.0,32.0,32.0,2024-10-16 00:00:00
椴抽奔,姘翠骇,24.0,23.0,23.5,2024-10-16 00:00:00
椴抽奔,姘翠骇,25.0,24.0,24.5,2024-10-16 00:00:00
借,姘翠骇,18.0,17.0,17.5,2024-10-16 00:00:00
借,姘翠骇,25.0,23.0,24.0,2024-10-16 00:00:00
借,姘翠骇,23.0,22.0,22.5,2024-10-16 00:00:00
借,姘翠骇,21.0,20.5,20.75,2024-10-16 00:00:00
借撅绗艰锛,姘翠骇,26.0,25.0,25.5,2024-10-16 00:00:00
借撅绗艰锛,姘翠骇,24.0,24.0,24.0,2024-10-16 00:00:00
借撅绮惧锛,姘翠骇,28.0,26.0,27.0,2024-10-16 00:00:00
借撅绮惧锛,姘翠骇,26.0,25.0,25.5,2024-10-16 00:00:00
灏娴风借,姘翠骇,30.0,25.0,27.5,2024-10-16 00:00:00
灏娌宠,姘翠骇,25.0,23.0,24.0,2024-10-16 00:00:00
灏娌宠,姘翠骇,35.0,32.0,33.5,2024-10-16 00:00:00
电惰,姘翠骇,35.0,30.0,32.5,2024-10-16 00:00:00
灏榫,姘翠骇,190.0,180.0,185.0,2024-10-16 00:00:00
句,姘翠骇,30.0,26.0,28.0,2024-10-16 00:00:00
哄磋,姘翠骇,140.0,125.0,132.5,2024-10-16 00:00:00
缃姘,姘翠骇,45.0,45.0,45.0,2024-10-16 00:00:00
娉㈠＋椤块,姘翠骇,150.0,145.0,147.5,2024-10-16 00:00:00
娴疯,姘翠骇,15.0,12.0,13.5,2024-10-16 00:00:00
娴疯涓,姘翠骇,8.5,7.0,7.75,2024-10-16 00:00:00
澶х借,,1.0,0.6,0.8,2024-10-15 00:00:00
濞濞,,1.6,1.2,1.4,2024-10-15 00:00:00
灏借,,1.3,1.0,1.15,2024-10-15 00:00:00
借,,1.7,1.2,1.45,2024-10-15 00:00:00
绱,,1.4,1.3,1.35,2024-10-15 00:00:00
硅,,2.5,2.3,2.4,2024-10-15 00:00:00
瑗胯,,4.3,3.9,4.1,2024-10-15 00:00:00
,,1.5,1.3,1.4,2024-10-15 00:00:00
寸,,3.0,1.5,2.25,2024-10-15 00:00:00
㈢,,2.8,1.5,2.15,2024-10-15 00:00:00
缃椹,,2.3,1.5,1.9,2024-10-15 00:00:00
ｅ剁,,1.3,1.0,1.15,2024-10-15 00:00:00
娌硅,,1.2,0.8,1.0,2024-10-15 00:00:00
棣,,3.0,2.5,2.75,2024-10-15 00:00:00
撮,,1.5,1.0,1.25,2024-10-15 00:00:00
,,3.0,2.2,2.6,2024-10-15 00:00:00
,,1.6,1.5,1.55,2024-10-15 00:00:00
娌归害,,2.5,2.0,2.25,2024-10-15 00:00:00
绾挎,,6.0,5.0,5.5,2024-10-15 00:00:00
妞,,4.5,4.0,4.25,2024-10-15 00:00:00
灏绫虫,,6.0,5.0,5.5,2024-10-15 00:00:00
褰╂,,14.0,12.0,13.0,2024-10-15 00:00:00
借,,1.0,0.8,0.9,2024-10-15 00:00:00
蹇缇,,1.5,1.0,1.25,2024-10-15 00:00:00
,,1.5,1.4,1.45,2024-10-15 00:00:00
,,1.7,1.2,1.45,2024-10-15 00:00:00
¤,,1.3,0.8,1.05,2024-10-15 00:00:00
¤,,1.5,1.3,1.4,2024-10-15 00:00:00
璞,,1.2,0.75,0.98,2024-10-15 00:00:00
卞ご,,0.9,0.75,0.83,2024-10-15 00:00:00
卞ご,,1.5,1.3,1.4,2024-10-15 00:00:00
灞辫,,3.5,3.0,3.25,2024-10-15 00:00:00
灞辫,,5.0,3.5,4.25,2024-10-15 00:00:00
灞辫,,7.5,4.0,5.75,2024-10-15 00:00:00
茶,,3.5,2.5,3.0,2024-10-15 00:00:00
绾㈣,,1.3,0.8,1.05,2024-10-15 00:00:00
绾㈣,,1.8,1.2,1.5,2024-10-15 00:00:00
绱,,3.3,1.7,2.5,2024-10-15 00:00:00
垮,姘存,2.5,1.5,2.0,2024-10-15 00:00:00
,姘存,1.6,1.5,1.55,2024-10-15 00:00:00
妗,姘存,9.0,6.0,7.5,2024-10-15 00:00:00
妾,姘存,5.0,3.0,4.0,2024-10-15 00:00:00
虫Υ,姘存,5.5,3.0,4.25,2024-10-15 00:00:00
灏灞辨,姘存,5.5,4.5,5.0,2024-10-15 00:00:00
灞辨,姘存,4.0,3.0,3.5,2024-10-15 00:00:00
告,姘存,1.5,1.4,1.45,2024-10-15 00:00:00
荤告,姘存,5.0,3.2,4.1,2024-10-15 00:00:00
濮濞锛绗兼锛,姘存,20.0,10.0,15.0,2024-10-15 00:00:00
123锛娌锛,姘存,2.5,2.0,2.25,2024-10-15 00:00:00
楦″锛娌锛,姘存,7.0,4.0,5.5,2024-10-15 00:00:00
楦姊,姘存,2.2,2.0,2.1,2024-10-15 00:00:00
辨,姘存,2.1,1.8,1.95,2024-10-15 00:00:00
姊,姘存,3.0,2.8,2.9,2024-10-15 00:00:00
姊,姘存,6.0,2.0,4.0,2024-10-15 00:00:00
涓版按姊,姘存,3.7,3.6,3.65,2024-10-15 00:00:00
骞挎,姘存,3.5,2.5,3.0,2024-10-15 00:00:00
ユ,姘存,2.2,1.6,1.9,2024-10-15 00:00:00
搴灏棣姊,姘存,5.0,2.5,3.75,2024-10-15 00:00:00
,姘存,6.0,5.0,5.5,2024-10-15 00:00:00
涔绾㈢,姘存,2.3,1.8,2.05,2024-10-15 00:00:00
瀵澹,姘存,4.3,2.0,3.15,2024-10-15 00:00:00
瀵澹,姘存,2.6,1.8,2.2,2024-10-15 00:00:00
瀵澹,姘存,5.5,4.5,5.0,2024-10-15 00:00:00
榛甯,姘存,3.5,2.5,3.0,2024-10-15 00:00:00
辩,姘存,4.5,2.0,3.25,2024-10-15 00:00:00
垮,姘存,4.6,3.7,4.15,2024-10-15 00:00:00
藉,姘存,2.9,2.6,2.75,2024-10-15 00:00:00
绾㈠,姘存,4.0,2.8,3.4,2024-10-15 00:00:00
瀵瀵规,姘存,2.5,2.3,2.4,2024-10-15 00:00:00
,姘存,2.5,2.3,2.4,2024-10-15 00:00:00
冲,姘存,10.0,5.0,7.5,2024-10-15 00:00:00
绾㈡¤,姘存,8.0,6.0,7.0,2024-10-15 00:00:00
伴,姘存,6.5,4.0,5.25,2024-10-15 00:00:00
浼,姘存,9.0,7.0,8.0,2024-10-15 00:00:00
澶榛¤,姘存,9.0,6.5,7.75,2024-10-15 00:00:00
杈藉嘲,姘存,9.0,7.5,8.25,2024-10-15 00:00:00
棣,姘存,8.0,6.5,7.25,2024-10-15 00:00:00
绾㈠,姘存,6.0,4.0,5.0,2024-10-15 00:00:00
ヨ,绂借,5.5,5.0,5.25,2024-10-15 00:00:00
板,绂借,22.0,21.5,21.75,2024-10-15 00:00:00
蹇,绂借,8.0,8.0,8.0,2024-10-15 00:00:00
,绂借,6.0,5.5,5.75,2024-10-15 00:00:00
,绂借,3.0,3.0,3.0,2024-10-15 00:00:00
,绂借,5.0,4.0,4.5,2024-10-15 00:00:00
澶,绂借,20.0,20.0,20.0,2024-10-15 00:00:00
,绂借,18.0,16.0,17.0,2024-10-15 00:00:00
寸,绂借,25.5,23.5,24.5,2024-10-15 00:00:00
,绂借,28.0,28.0,28.0,2024-10-15 00:00:00
,绂借,28.0,28.0,28.0,2024-10-15 00:00:00
,绂借,25.0,25.0,25.0,2024-10-15 00:00:00
,绂借,25.0,25.0,25.0,2024-10-15 00:00:00
扮,绂借,28.0,27.0,27.5,2024-10-15 00:00:00
ョ,绂借,35.0,27.0,31.0,2024-10-15 00:00:00
,绂借,30.0,29.0,29.5,2024-10-15 00:00:00
绮剧,绂借,31.0,30.0,30.5,2024-10-15 00:00:00
,绂借,25.5,25.0,25.25,2024-10-15 00:00:00
,绂借,25.0,25.0,25.0,2024-10-15 00:00:00
辫,绂借,45.0,45.0,45.0,2024-10-15 00:00:00
娣姹伴浮,绂借,12.0,11.5,11.75,2024-10-15 00:00:00
娣姹伴浮,绂借,11.0,10.5,10.75,2024-10-15 00:00:00
浠楦,绂借,7.0,6.8,6.9,2024-10-15 00:00:00
楦,绂借,7.0,6.8,6.9,2024-10-15 00:00:00
楦¤,绂借,7.0,6.0,6.5,2024-10-15 00:00:00
楦＄,绂借,11.0,11.0,11.0,2024-10-15 00:00:00
楦＄灏,绂借,7.5,7.0,7.25,2024-10-15 00:00:00
楦＄涓,绂借,21.0,21.0,21.0,2024-10-15 00:00:00
楦＄,绂借,7.0,7.0,7.0,2024-10-15 00:00:00
楦¤竟,绂借,6.8,6.5,6.65,2024-10-15 00:00:00
楦℃,绂借,7.0,7.0,7.0,2024-10-15 00:00:00
楦＄电惰,绂借,7.0,7.0,7.0,2024-10-15 00:00:00
楦¤,绂借,12.0,10.0,11.0,2024-10-15 00:00:00
楦＄,绂借,20.0,20.0,20.0,2024-10-15 00:00:00
楦″,绂借,5.0,5.0,5.0,2024-10-15 00:00:00
楦¤,绂借,3.0,2.8,2.9,2024-10-15 00:00:00
楦¤瀛,绂借,5.0,5.0,5.0,2024-10-15 00:00:00
楦″ご,绂借,2.5,2.5,2.5,2024-10-15 00:00:00
楦℃补,绂借,5.5,5.5,5.5,2024-10-15 00:00:00
楦℃跺,绂借,3.5,3.0,3.25,2024-10-15 00:00:00
椴㈤奔,姘翠骇,4.5,4.0,4.25,2024-10-15 00:00:00
椴㈤奔,姘翠骇,4.0,3.5,3.75,2024-10-15 00:00:00
椴堕奔,姘翠骇,6.0,5.0,5.5,2024-10-15 00:00:00
捐遍奔,姘翠骇,11.0,10.0,10.5,2024-10-15 00:00:00
榛楸,姘翠骇,14.0,13.0,13.5,2024-10-15 00:00:00
榛楸,姘翠骇,15.0,14.0,14.5,2024-10-15 00:00:00
榛槌,姘翠骇,30.0,29.0,29.5,2024-10-15 00:00:00
榛槌,姘翠骇,40.0,38.0,39.0,2024-10-15 00:00:00
缃楸,姘翠骇,12.0,11.0,11.5,2024-10-15 00:00:00
归楸,姘翠骇,25.0,24.0,24.5,2024-10-15 00:00:00
椴楸,姘翠骇,22.0,20.0,21.0,2024-10-15 00:00:00
楸,姘翠骇,15.0,13.0,14.0,2024-10-15 00:00:00
妗楸,姘翠骇,40.0,38.0,39.0,2024-10-15 00:00:00
楸,姘翠骇,25.0,24.0,24.5,2024-10-15 00:00:00
楸,姘翠骇,24.0,23.0,23.5,2024-10-15 00:00:00
娣℃按椴楸,姘翠骇,28.0,27.0,27.5,2024-10-15 00:00:00
娉ラ,姘翠骇,15.0,10.0,12.5,2024-10-15 00:00:00
娓姹楸,姘翠骇,10.0,9.0,9.5,2024-10-15 00:00:00
涓楸艰,姘翠骇,110.0,90.0,100.0,2024-10-15 00:00:00
涓楸艰,姘翠骇,80.0,70.0,75.0,2024-10-15 00:00:00
灏娌宠,姘翠骇,25.0,23.0,24.0,2024-10-15 00:00:00
灏娌宠,姘翠骇,35.0,30.0,32.5,2024-10-15 00:00:00
电惰,姘翠骇,35.0,30.0,32.5,2024-10-15 00:00:00
灏榫,姘翠骇,190.0,180.0,185.0,2024-10-15 00:00:00
句,姘翠骇,30.0,26.0,28.0,2024-10-15 00:00:00
哄磋,姘翠骇,140.0,125.0,132.5,2024-10-15 00:00:00
缃姘,姘翠骇,45.0,45.0,45.0,2024-10-15 00:00:00
娉㈠＋椤块,姘翠骇,150.0,145.0,147.5,2024-10-15 00:00:00
婢虫床榫,姘翠骇,410.0,400.0,405.0,2024-10-15 00:00:00
伴,姘翠骇,370.0,350.0,360.0,2024-10-15 00:00:00
姣娌宠,姘翠骇,55.0,50.0,52.5,2024-10-15 00:00:00
姣娌宠,姘翠骇,65.0,60.0,62.5,2024-10-15 00:00:00
姣娌宠,姘翠骇,75.0,72.0,73.5,2024-10-15 00:00:00
姣姊瀛,姘翠骇,90.0,35.0,62.5,2024-10-15 00:00:00
姊瀛,姘翠骇,50.0,38.0,44.0,2024-10-15 00:00:00
瀹,姘翠骇,150.0,140.0,145.0,2024-10-15 00:00:00
甯,姘翠骇,180.0,175.0,177.5,2024-10-15 00:00:00
㈠,姘翠骇,75.0,70.0,72.5,2024-10-15 00:00:00
椴楸,姘翠骇,12.0,10.0,11.0,2024-10-15 00:00:00
椴楸,姘翠骇,8.0,6.0,7.0,2024-10-15 00:00:00
缃椹,,2.3,1.5,1.9,2024-10-14 00:00:00
ｅ剁,,1.5,1.0,1.25,2024-10-14 00:00:00
娌硅,,1.2,0.8,1.0,2024-10-14 00:00:00
棣,,3.0,2.5,2.75,2024-10-14 00:00:00
撮,,1.5,1.0,1.25,2024-10-14 00:00:00
,,3.0,2.5,2.75,2024-10-14 00:00:00
,,1.6,1.5,1.55,2024-10-14 00:00:00
娌归害,,2.5,2.0,2.25,2024-10-14 00:00:00
ｈ,,4.5,3.0,3.75,2024-10-14 00:00:00
缁胯,,4.5,3.5,4.0,2024-10-14 00:00:00
缁胯,,1.0,0.95,0.98,2024-10-14 00:00:00
榛璞,,0.9,0.85,0.88,2024-10-14 00:00:00
,,3.6,2.6,3.1,2024-10-14 00:00:00
,,4.5,3.5,4.0,2024-10-14 00:00:00
,,5.5,4.5,5.0,2024-10-14 00:00:00
榛,,1.6,1.0,1.3,2024-10-14 00:00:00
榛,,2.2,1.2,1.7,2024-10-14 00:00:00
灏榛,,3.5,3.0,3.25,2024-10-14 00:00:00
灏榛,,3.5,3.0,3.25,2024-10-14 00:00:00
瀛,,2.3,1.3,1.8,2024-10-14 00:00:00
卞ご,,1.4,1.2,1.3,2024-10-14 00:00:00
灞辫,,3.5,3.0,3.25,2024-10-14 00:00:00
灞辫,,5.0,3.5,4.25,2024-10-14 00:00:00
灞辫,,7.5,4.0,5.75,2024-10-14 00:00:00
茶,,3.5,2.5,3.0,2024-10-14 00:00:00
绾㈣,,1.3,0.8,1.05,2024-10-14 00:00:00
绾㈣,,1.8,1.2,1.5,2024-10-14 00:00:00
绱,,3.3,1.7,2.5,2024-10-14 00:00:00
歌,,4.0,3.5,3.75,2024-10-14 00:00:00
歌,,7.5,7.0,7.25,2024-10-14 00:00:00
澶,,2.5,2.0,2.25,2024-10-14 00:00:00
濮,,6.0,5.5,5.75,2024-10-14 00:00:00
濮,,8.3,6.0,7.15,2024-10-14 00:00:00
澶ц,,7.3,4.5,5.9,2024-10-14 00:00:00
绫,,5.2,4.8,5.0,2024-10-14 00:00:00
澶ц,,2.2,1.8,2.0,2024-10-14 00:00:00
灏,,5.0,2.5,3.75,2024-10-14 00:00:00
,,6.0,2.5,4.25,2024-10-14 00:00:00
榛,,5.5,5.4,5.45,2024-10-14 00:00:00
,,4.5,4.0,4.25,2024-10-14 00:00:00
,姘存,7.0,4.0,5.5,2024-10-14 00:00:00
浜哄,姘存,8.0,5.5,6.75,2024-10-14 00:00:00
榫,姘存,6.6,3.6,5.1,2024-10-14 00:00:00
榫,姘存,6.0,4.0,5.0,2024-10-14 00:00:00
挎,姘存,4.0,3.0,3.5,2024-10-14 00:00:00
娌规,姘存,8.0,6.0,7.0,2024-10-14 00:00:00
ㄧ,姘存,7.0,6.0,6.5,2024-10-14 00:00:00
纾ㄧ垮,姘存,2.8,2.2,2.5,2024-10-14 00:00:00
垮,姘存,2.5,1.5,2.0,2024-10-14 00:00:00
,姘存,1.6,1.5,1.55,2024-10-14 00:00:00
妗,姘存,9.0,6.0,7.5,2024-10-14 00:00:00
妾,姘存,5.0,3.0,4.0,2024-10-14 00:00:00
虫Υ,姘存,5.5,3.0,4.25,2024-10-14 00:00:00
灏灞辨,姘存,5.5,4.5,5.0,2024-10-14 00:00:00
灞辨,姘存,4.0,3.0,3.5,2024-10-14 00:00:00
告,姘存,1.5,1.4,1.45,2024-10-14 00:00:00
荤告,姘存,5.0,3.2,4.1,2024-10-14 00:00:00
濮濞锛绗兼锛,姘存,20.0,10.0,15.0,2024-10-14 00:00:00
123锛娌锛,姘存,2.5,2.0,2.25,2024-10-14 00:00:00
楦″锛娌锛,姘存,7.0,4.0,5.5,2024-10-14 00:00:00
25,姘存,3.3,2.5,2.9,2024-10-14 00:00:00
瑗垮,姘存,2.2,1.6,1.9,2024-10-14 00:00:00
,姘存,3.2,2.5,2.85,2024-10-14 00:00:00
缃绾,姘存,6.0,4.5,5.25,2024-10-14 00:00:00
缇瑙,姘存,6.0,5.0,5.5,2024-10-14 00:00:00
辫剧,姘存,6.0,5.0,5.5,2024-10-14 00:00:00
缁垮,姘存,6.0,5.5,5.75,2024-10-14 00:00:00
,姘存,6.0,5.0,5.5,2024-10-14 00:00:00
涔绾㈢,姘存,2.3,1.8,2.05,2024-10-14 00:00:00
瀵澹,姘存,4.3,2.0,3.15,2024-10-14 00:00:00
瀵澹,姘存,2.6,1.8,2.2,2024-10-14 00:00:00
瀵澹,姘存,5.5,4.5,5.0,2024-10-14 00:00:00
榛甯,姘存,3.5,2.5,3.0,2024-10-14 00:00:00
辩,姘存,4.5,2.0,3.25,2024-10-14 00:00:00
垮,姘存,4.6,3.7,4.15,2024-10-14 00:00:00
藉,姘存,2.9,2.6,2.75,2024-10-14 00:00:00
绾㈠,姘存,4.0,2.8,3.4,2024-10-14 00:00:00
瀵瀵规,姘存,2.5,2.3,2.4,2024-10-14 00:00:00
,姘存,2.5,2.3,2.4,2024-10-14 00:00:00
冲,姘存,10.0,5.0,7.5,2024-10-14 00:00:00
澶,绂借,10.0,10.0,10.0,2024-10-14 00:00:00
ｆ,绂借,15.0,15.0,15.0,2024-10-14 00:00:00
,绂借,25.0,23.0,24.0,2024-10-14 00:00:00
,绂借,25.0,20.0,22.5,2024-10-14 00:00:00
,绂借,22.0,18.0,20.0,2024-10-14 00:00:00
挎补,绂借,6.0,5.5,5.75,2024-10-14 00:00:00
ヨ,绂借,5.5,5.0,5.25,2024-10-14 00:00:00
板,绂借,22.0,21.5,21.75,2024-10-14 00:00:00
蹇,绂借,8.0,8.0,8.0,2024-10-14 00:00:00
,绂借,6.0,5.5,5.75,2024-10-14 00:00:00
,绂借,3.0,3.0,3.0,2024-10-14 00:00:00
,绂借,5.0,4.0,4.5,2024-10-14 00:00:00
澶,绂借,20.0,20.0,20.0,2024-10-14 00:00:00
,绂借,18.0,16.0,17.0,2024-10-14 00:00:00
寸,绂借,25.5,24.0,24.75,2024-10-14 00:00:00
,绂借,28.0,28.0,28.0,2024-10-14 00:00:00
,绂借,28.0,28.0,28.0,2024-10-14 00:00:00
,绂借,25.0,25.0,25.0,2024-10-14 00:00:00
,绂借,25.0,25.0,25.0,2024-10-14 00:00:00
扮,绂借,28.0,27.0,27.5,2024-10-14 00:00:00
楦″,绂借,5.0,5.0,5.0,2024-10-14 00:00:00
楦¤,绂借,3.0,2.8,2.9,2024-10-14 00:00:00
楦¤瀛,绂借,5.0,5.0,5.0,2024-10-14 00:00:00
楦″ご,绂借,3.0,2.5,2.75,2024-10-14 00:00:00
楦℃补,绂借,5.5,5.5,5.5,2024-10-14 00:00:00
楦℃跺,绂借,3.5,3.0,3.25,2024-10-14 00:00:00
芥′楦,绂借,12.0,11.0,11.5,2024-10-14 00:00:00
榛楦,绂借,13.0,11.0,12.0,2024-10-14 00:00:00
芥￠,绂借,13.0,10.0,11.5,2024-10-14 00:00:00
芥℃楦,绂借,7.0,7.0,7.0,2024-10-14 00:00:00
楦,绂借,7.5,7.0,7.25,2024-10-14 00:00:00
楦,绂借,3.0,2.5,2.75,2024-10-14 00:00:00
楦澶,绂借,11.5,10.5,11.0,2024-10-14 00:00:00
楦蹇,绂借,5.5,5.0,5.25,2024-10-14 00:00:00
楦,绂借,6.0,5.5,5.75,2024-10-14 00:00:00
楦,绂借,13.5,12.5,13.0,2024-10-14 00:00:00
楦瀛,绂借,9.0,8.0,8.5,2024-10-14 00:00:00
芥′钩楦,绂借,23.0,20.0,21.5,2024-10-14 00:00:00
芥″,绂借,23.0,23.0,23.0,2024-10-14 00:00:00
绛楦¤,绂借,205.0,200.0,202.5,2024-10-14 00:00:00
楸,姘翠骇,24.0,23.0,23.5,2024-10-14 00:00:00
娣℃按椴楸,姘翠骇,28.0,27.0,27.5,2024-10-14 00:00:00
娉ラ,姘翠骇,15.0,10.0,12.5,2024-10-14 00:00:00
娓姹楸,姘翠骇,10.0,9.0,9.5,2024-10-14 00:00:00
涓楸艰,姘翠骇,110.0,90.0,100.0,2024-10-14 00:00:00
涓楸艰,姘翠骇,80.0,70.0,75.0,2024-10-14 00:00:00
澶ラ奔,姘翠骇,18.0,16.0,17.0,2024-10-14 00:00:00
椴,姘翠骇,26.0,18.0,22.0,2024-10-14 00:00:00
椴椴,姘翠骇,6.0,5.0,5.5,2024-10-14 00:00:00
灏榛遍奔,姘翠骇,10.0,7.0,8.5,2024-10-14 00:00:00
椴介奔,姘翠骇,32.0,30.0,31.0,2024-10-14 00:00:00
绾㈡,姘翠骇,200.0,195.0,197.5,2024-10-14 00:00:00
澶瀹楸,姘翠骇,26.0,24.5,25.25,2024-10-14 00:00:00
虫楸,姘翠骇,48.0,45.0,46.5,2024-10-14 00:00:00
槌楸,姘翠骇,6.5,5.0,5.75,2024-10-14 00:00:00
灏惧反楸,姘翠骇,18.0,10.0,14.0,2024-10-14 00:00:00
灏楸,姘翠骇,12.0,11.0,11.5,2024-10-14 00:00:00
甯楸,姘翠骇,9.0,8.0,8.5,2024-10-14 00:00:00
甯楸,姘翠骇,13.0,12.0,12.5,2024-10-14 00:00:00
甯楸,姘翠骇,15.0,14.0,14.5,2024-10-14 00:00:00
借,姘翠骇,20.0,20.0,20.0,2024-10-14 00:00:00
借撅绗艰锛,姘翠骇,25.0,25.0,25.0,2024-10-14 00:00:00
借撅绗艰锛,姘翠骇,23.0,23.0,23.0,2024-10-14 00:00:00
借撅绮惧锛,姘翠骇,26.0,26.0,26.0,2024-10-14 00:00:00
借撅绮惧锛,姘翠骇,25.0,25.0,25.0,2024-10-14 00:00:00
灏娴风借,姘翠骇,30.0,25.0,27.5,2024-10-14 00:00:00
灏娌宠,姘翠骇,25.0,23.0,24.0,2024-10-14 00:00:00
灏娌宠,姘翠骇,35.0,30.0,32.5,2024-10-14 00:00:00
电惰,姘翠骇,35.0,30.0,32.5,2024-10-14 00:00:00
灏榫,姘翠骇,190.0,180.0,185.0,2024-10-14 00:00:00
句,姘翠骇,30.0,26.0,28.0,2024-10-14 00:00:00
哄磋,姘翠骇,140.0,120.0,130.0,2024-10-14 00:00:00
缃姘,姘翠骇,48.0,45.0,46.5,2024-10-14 00:00:00
娉㈠＋椤块,姘翠骇,145.0,135.0,140.0,2024-10-14 00:00:00
婢虫床榫,姘翠骇,410.0,400.0,405.0,2024-10-14 00:00:00
伴,姘翠骇,370.0,350.0,360.0,2024-10-14 00:00:00
姣娌宠,姘翠骇,55.0,50.0,52.5,2024-10-14 00:00:00
姣娌宠,姘翠骇,65.0,60.0,62.5,2024-10-14 00:00:00
姣娌宠,姘翠骇,80.0,75.0,77.5,2024-10-14 00:00:00
姣姊瀛,姘翠骇,90.0,35.0,62.5,2024-10-14 00:00:00
,,5.5,4.5,5.0,2024-10-13 00:00:00
榛,,1.8,1.0,1.4,2024-10-13 00:00:00
榛,,2.3,1.2,1.75,2024-10-13 00:00:00
灏榛,,3.5,3.0,3.25,2024-10-13 00:00:00
灏榛,,3.5,3.0,3.25,2024-10-13 00:00:00
瀛,,2.5,1.5,2.0,2024-10-13 00:00:00
胯,,2.9,1.6,2.25,2024-10-13 00:00:00
绾胯,,5.0,1.5,3.25,2024-10-13 00:00:00
骞胯,,2.5,2.0,2.25,2024-10-13 00:00:00
,,1.7,1.5,1.6,2024-10-13 00:00:00
,,1.1,0.9,1.0,2024-10-13 00:00:00
姣,,1.7,1.5,1.6,2024-10-13 00:00:00
惰,,5.5,3.8,4.65,2024-10-13 00:00:00
璞,,5.0,3.5,4.25,2024-10-13 00:00:00
璞,,5.5,3.8,4.65,2024-10-13 00:00:00
璞璞,,4.5,3.0,3.75,2024-10-13 00:00:00
借,,4.5,3.0,3.75,2024-10-13 00:00:00
娌硅,,6.0,4.5,5.25,2024-10-13 00:00:00
姣璞,,4.0,2.8,3.4,2024-10-13 00:00:00
辩,,5.0,2.3,3.65,2024-10-13 00:00:00
绫,,5.2,4.8,5.0,2024-10-13 00:00:00
澶ц,,2.2,1.8,2.0,2024-10-13 00:00:00
灏,,5.0,2.5,3.75,2024-10-13 00:00:00
,,6.0,2.5,4.25,2024-10-13 00:00:00
榛,,5.5,5.4,5.45,2024-10-13 00:00:00
,,4.5,4.0,4.25,2024-10-13 00:00:00
骞宠,,4.5,2.5,3.5,2024-10-13 00:00:00
棣,,7.0,3.5,5.25,2024-10-13 00:00:00
界,,4.1,3.6,3.85,2024-10-13 00:00:00
ｈ,,7.8,7.5,7.65,2024-10-13 00:00:00
椴,,3.8,3.2,3.5,2024-10-13 00:00:00
,,3.4,2.2,2.8,2024-10-13 00:00:00
绠辫,姘存,2.4,2.0,3.2,2024-10-13 00:00:00
戒骇ゆ,姘存,2.6,2.3,3.2,2024-10-13 00:00:00
ｅコ,姘存,8.0,7.0,7.5,2024-10-13 00:00:00
鹃,姘存,9.0,8.0,8.5,2024-10-13 00:00:00
榛,姘存,14.0,11.0,12.5,2024-10-13 00:00:00
,姘存,7.0,4.0,5.5,2024-10-13 00:00:00
浜哄,姘存,8.0,5.5,6.75,2024-10-13 00:00:00
榫,姘存,6.6,3.6,5.1,2024-10-13 00:00:00
绉绾锛妗锛,姘存,4.0,2.0,3.0,2024-10-13 00:00:00
存锛缈棣锛,姘存,7.5,5.2,6.35,2024-10-13 00:00:00
存锛寰棣锛,姘存,4.5,2.5,3.5,2024-10-13 00:00:00
存锛绾㈤筹,姘存,10.0,8.0,9.0,2024-10-13 00:00:00
存锛浜,姘存,4.0,3.0,3.5,2024-10-13 00:00:00
骞叉,姘存,13.0,11.0,12.0,2024-10-13 00:00:00
瀛,姘存,4.5,2.0,3.25,2024-10-13 00:00:00
瑗挎锛扮锛,姘存,10.0,7.5,8.75,2024-10-13 00:00:00
绫藉-澶у,姘存,1.9,1.8,1.85,2024-10-13 00:00:00
楹楹,姘存,4.0,2.8,3.4,2024-10-13 00:00:00
榛缇浜,姘存,2.3,2.0,2.15,2024-10-13 00:00:00
瑰,姘存,2.9,2.8,2.85,2024-10-13 00:00:00
L600绉х,姘存,2.8,2.6,2.7,2024-10-13 00:00:00
,姘存,5.55,1.45,3.5,2024-10-13 00:00:00
戒骇棣,姘存,4.1,3.6,3.85,2024-10-13 00:00:00
杩ｉ,姘存,5.0,4.6,4.8,2024-10-13 00:00:00
娉板介,姘存,14.0,12.0,13.0,2024-10-13 00:00:00
25,姘存,3.3,2.5,2.9,2024-10-13 00:00:00
瑗垮,姘存,2.2,1.6,1.9,2024-10-13 00:00:00
,姘存,3.2,2.5,2.85,2024-10-13 00:00:00
绮句,绂借,17.0,15.0,16.0,2024-10-13 00:00:00
绾,绂借,15.0,13.0,14.0,2024-10-13 00:00:00
,绂借,11.0,10.0,10.5,2024-10-13 00:00:00
灏,绂借,17.0,16.0,16.5,2024-10-13 00:00:00
姊辫,绂借,14.0,13.0,13.5,2024-10-13 00:00:00
绾,绂借,12.0,11.0,11.5,2024-10-13 00:00:00
ゅ,绂借,20.0,17.0,18.5,2024-10-13 00:00:00
,绂借,11.0,10.0,10.5,2024-10-13 00:00:00
,绂借,9.0,8.5,8.75,2024-10-13 00:00:00
楠,绂借,22.0,19.0,20.5,2024-10-13 00:00:00
灏惧反,绂借,48.0,40.0,44.0,2024-10-13 00:00:00
韫,绂借,20.0,17.0,18.5,2024-10-13 00:00:00
绾楠,绂借,24.0,21.0,22.5,2024-10-13 00:00:00
绾楠,绂借,8.5,7.0,7.75,2024-10-13 00:00:00
楠,绂借,15.5,14.5,15.0,2024-10-13 00:00:00
姊遍,绂借,11.0,10.0,10.5,2024-10-13 00:00:00
妫楠,绂借,9.0,8.5,8.75,2024-10-13 00:00:00
澶,绂借,10.0,10.0,10.0,2024-10-13 00:00:00
ｆ,绂借,15.0,15.0,15.0,2024-10-13 00:00:00
,绂借,25.0,23.0,24.0,2024-10-13 00:00:00
婚ㄧ,绂借,29.0,28.0,28.5,2024-10-13 00:00:00
婚ㄧ,绂借,31.0,30.0,30.5,2024-10-13 00:00:00
缇扮,绂借,27.0,27.0,27.0,2024-10-13 00:00:00
缇,绂借,35.0,25.0,30.0,2024-10-13 00:00:00
缇板,绂借,10.0,9.0,9.5,2024-10-13 00:00:00
缇瀛,绂借,14.0,12.0,13.0,2024-10-13 00:00:00
缇瀛,绂借,23.0,21.0,22.0,2024-10-13 00:00:00
缇楠,绂借,23.0,23.0,23.0,2024-10-13 00:00:00
缇灏惧反娌,绂借,10.0,8.5,9.25,2024-10-13 00:00:00
缇灏,绂借,19.0,18.0,18.5,2024-10-13 00:00:00
缇卞,绂借,31.0,30.0,30.5,2024-10-13 00:00:00
缇韫,绂借,15.0,14.0,14.5,2024-10-13 00:00:00
缇澶,绂借,13.0,12.0,12.5,2024-10-13 00:00:00
缇,绂借,6.0,6.0,6.0,2024-10-13 00:00:00
缇蹇,绂借,15.0,15.0,15.0,2024-10-13 00:00:00
缇,绂借,15.0,14.0,14.5,2024-10-13 00:00:00
缇,绂借,17.0,16.0,16.5,2024-10-13 00:00:00
缇,绂借,75.0,70.0,72.5,2024-10-13 00:00:00
缇瀹,绂借,33.0,33.0,33.0,2024-10-13 00:00:00
缇楠ㄥご,绂借,10.0,8.0,9.0,2024-10-13 00:00:00
楦,绂借,9.5,8.0,8.75,2024-10-13 00:00:00
捐辫,绂借,9.5,7.5,8.5,2024-10-13 00:00:00
楣,绂借,20.0,18.0,19.0,2024-10-13 00:00:00
楣楣,绂借,7.0,6.0,6.5,2024-10-13 00:00:00
撮浮,绂借,9.4,4.5,6.95,2024-10-13 00:00:00
涔楦¤,绂借,9.0,8.0,8.5,2024-10-13 00:00:00
澶ч,绂借,20.0,17.0,18.5,2024-10-13 00:00:00
,绂借,1.0,0.7,0.85,2024-10-13 00:00:00
楦甸,绂借,150.0,120.0,135.0,2024-10-13 00:00:00
楦藉,绂借,3.8,3.7,3.75,2024-10-13 00:00:00
娲荤瀛,绂借,1.5,1.4,1.45,2024-10-13 00:00:00
灞遍浮,绂借,1.2,1.1,1.15,2024-10-13 00:00:00
澶х借,,1.2,0.8,1.0,2024-10-12 00:00:00
濞濞,,1.7,1.4,1.55,2024-10-12 00:00:00
灏借,,1.2,1.0,1.1,2024-10-12 00:00:00
借,,2.6,1.8,2.2,2024-10-12 00:00:00
绱,,1.4,1.3,1.35,2024-10-12 00:00:00
硅,,3.3,2.8,3.05,2024-10-12 00:00:00
瑗胯,,4.3,4.0,4.15,2024-10-12 00:00:00
,,1.5,1.3,1.4,2024-10-12 00:00:00
瑗胯,,2.5,1.3,1.9,2024-10-12 00:00:00
璐璐,,1.5,1.2,1.35,2024-10-12 00:00:00
涓,,1.2,1.0,1.1,2024-10-12 00:00:00
挎,,1.8,1.4,1.6,2024-10-12 00:00:00
,,1.7,1.4,1.55,2024-10-12 00:00:00
灏妞,,5.0,4.0,4.5,2024-10-12 00:00:00
绾㈠妞,,10.0,9.0,9.5,2024-10-12 00:00:00
缇浜烘,,6.5,5.5,6.0,2024-10-12 00:00:00
轰妞,,8.0,5.5,6.75,2024-10-12 00:00:00
垮妞,,3.8,2.5,3.15,2024-10-12 00:00:00
绾挎,,6.0,5.0,5.5,2024-10-12 00:00:00
妞,,4.0,3.5,3.75,2024-10-12 00:00:00
灏绫虫,,6.0,5.0,5.5,2024-10-12 00:00:00
褰╂,,14.0,12.0,13.0,2024-10-12 00:00:00
借,,1.2,0.9,1.05,2024-10-12 00:00:00
蹇缇,,1.5,1.0,1.25,2024-10-12 00:00:00
,,1.5,1.4,1.45,2024-10-12 00:00:00
,,1.7,1.2,1.45,2024-10-12 00:00:00
¤,,1.3,0.8,1.05,2024-10-12 00:00:00
¤,,1.5,1.3,1.4,2024-10-12 00:00:00
纾ㄧ垮,姘存,3.0,2.2,2.6,2024-10-12 00:00:00
垮,姘存,2.5,1.5,2.0,2024-10-12 00:00:00
,姘存,1.8,1.6,1.7,2024-10-12 00:00:00
妗,姘存,9.0,6.0,7.5,2024-10-12 00:00:00
妾,姘存,5.0,3.0,4.0,2024-10-12 00:00:00
虫Υ,姘存,5.5,3.0,4.25,2024-10-12 00:00:00
灏灞辨,姘存,5.5,4.5,5.0,2024-10-12 00:00:00
灞辨,姘存,5.0,3.5,4.25,2024-10-12 00:00:00
告,姘存,1.5,1.4,1.45,2024-10-12 00:00:00
荤告,姘存,5.0,3.2,4.1,2024-10-12 00:00:00
濮濞锛绗兼锛,姘存,20.0,10.0,15.0,2024-10-12 00:00:00
123锛娌锛,姘存,2.5,2.0,2.25,2024-10-12 00:00:00
楦″锛娌锛,姘存,7.0,4.0,5.5,2024-10-12 00:00:00
楦姊,姘存,2.2,2.0,2.1,2024-10-12 00:00:00
辨,姘存,2.1,1.8,1.95,2024-10-12 00:00:00
姊,姘存,3.0,2.8,2.9,2024-10-12 00:00:00
姊,姘存,6.0,2.0,4.0,2024-10-12 00:00:00
涓版按姊,姘存,3.7,3.6,3.65,2024-10-12 00:00:00
骞挎,姘存,3.5,2.5,3.0,2024-10-12 00:00:00
ユ,姘存,2.2,1.6,1.9,2024-10-12 00:00:00
缇浜烘,姘存,10.0,9.0,9.5,2024-10-12 00:00:00
宸ㄥ嘲¤,姘存,7.0,3.0,5.0,2024-10-12 00:00:00
扮,姘存,7.0,5.0,6.0,2024-10-12 00:00:00
锛缁村╀锛,姘存,5.0,3.5,4.25,2024-10-12 00:00:00
绱¤,姘存,6.0,5.0,5.5,2024-10-12 00:00:00
硅,姘存,5.5,3.5,4.5,2024-10-12 00:00:00
婢宠,姘存,8.5,6.5,7.5,2024-10-12 00:00:00
姘翠,姘存,8.0,7.0,7.5,2024-10-12 00:00:00
芥＄,绂借,11.5,11.5,11.5,2024-10-12 00:00:00
芥＄,绂借,9.35,9.35,9.35,2024-10-12 00:00:00
灏,绂借,11.5,10.5,11.0,2024-10-12 00:00:00
灏,绂借,10.5,9.5,10.0,2024-10-12 00:00:00
灏,绂借,11.5,10.5,11.0,2024-10-12 00:00:00
灏,绂借,10.5,9.5,10.0,2024-10-12 00:00:00
浜辫,绂借,13.0,12.5,12.75,2024-10-12 00:00:00
浜辫,绂借,12.0,11.5,11.75,2024-10-12 00:00:00
绮句,绂借,17.0,15.0,16.0,2024-10-12 00:00:00
绾,绂借,15.0,13.0,14.0,2024-10-12 00:00:00
,绂借,11.0,10.0,10.5,2024-10-12 00:00:00
灏,绂借,17.0,16.0,16.5,2024-10-12 00:00:00
瀹,绂借,18.0,17.0,17.5,2024-10-12 00:00:00
,绂借,58.0,53.0,55.5,2024-10-12 00:00:00
娌,绂借,5.0,5.0,5.0,2024-10-12 00:00:00
蹇,绂借,7.0,6.0,6.5,2024-10-12 00:00:00
,绂借,25.0,23.0,24.0,2024-10-12 00:00:00
楠,绂借,4.5,4.0,4.25,2024-10-12 00:00:00
楠,绂借,25.0,25.0,25.0,2024-10-12 00:00:00
韫绛,绂借,24.0,22.0,23.0,2024-10-12 00:00:00
跨,绂借,28.0,27.0,27.5,2024-10-12 00:00:00
蹇绠,绂借,35.0,30.0,32.5,2024-10-12 00:00:00
,绂借,18.0,16.0,17.0,2024-10-12 00:00:00
板,绂借,12.0,10.0,11.0,2024-10-12 00:00:00
灏,绂借,30.0,23.0,26.5,2024-10-12 00:00:00
惧,绂借,32.0,30.0,31.0,2024-10-12 00:00:00
涓,绂借,25.5,25.0,25.25,2024-10-12 00:00:00
寸,绂借,22.0,22.0,22.0,2024-10-12 00:00:00
婚ㄧ,绂借,29.0,28.0,28.5,2024-10-12 00:00:00
婚ㄧ,绂借,31.0,30.0,30.5,2024-10-12 00:00:00
缇扮,绂借,27.0,27.0,27.0,2024-10-12 00:00:00
缇,绂借,35.0,25.0,30.0,2024-10-12 00:00:00
娣姹伴浮,绂借,11.0,10.5,10.75,2024-10-12 00:00:00
浠楦,绂借,7.0,6.8,6.9,2024-10-12 00:00:00
楦,绂借,7.0,6.8,6.9,2024-10-12 00:00:00
楦¤,绂借,7.0,6.0,6.5,2024-10-12 00:00:00
楦＄,绂借,11.0,11.0,11.0,2024-10-12 00:00:00
楦＄灏,绂借,7.5,7.0,7.25,2024-10-12 00:00:00
楦＄涓,绂借,21.0,21.0,21.0,2024-10-12 00:00:00
楦＄,绂借,7.0,7.0,7.0,2024-10-12 00:00:00
楦¤竟,绂借,7.0,6.5,6.75,2024-10-12 00:00:00
楦℃,绂借,7.0,7.0,7.0,2024-10-12 00:00:00
楦＄电惰,绂借,7.5,7.0,7.25,2024-10-12 00:00:00
楦¤,绂借,12.0,10.0,11.0,2024-10-12 00:00:00
楦＄,绂借,20.0,20.0,20.0,2024-10-12 00:00:00
楦″,绂借,5.0,5.0,5.0,2024-10-12 00:00:00
楦¤,绂借,3.0,2.8,2.9,2024-10-12 00:00:00
楦¤瀛,绂借,5.0,5.0,5.0,2024-10-12 00:00:00
楦″ご,绂借,3.0,2.5,2.75,2024-10-12 00:00:00
楦℃补,绂借,5.5,5.5,5.5,2024-10-12 00:00:00
楦℃跺,绂借,3.5,3.0,3.25,2024-10-12 00:00:00
芥′楦,绂借,12.0,11.0,11.5,2024-10-12 00:00:00
骞胯,,2.5,2.0,2.25,2024-10-11 00:00:00
,,1.7,1.5,1.6,2024-10-11 00:00:00
,,1.1,0.9,1.0,2024-10-11 00:00:00
姣,,1.5,1.2,1.35,2024-10-11 00:00:00
惰,,6.0,3.8,4.9,2024-10-11 00:00:00
璞,,5.0,3.5,4.25,2024-10-11 00:00:00
璞,,6.0,4.0,5.0,2024-10-11 00:00:00
璞璞,,4.0,2.5,3.25,2024-10-11 00:00:00
借,,5.0,3.5,4.25,2024-10-11 00:00:00
娌硅,,6.5,4.5,5.5,2024-10-11 00:00:00
姣璞,,4.5,3.0,3.75,2024-10-11 00:00:00
辩,,5.0,2.3,3.65,2024-10-11 00:00:00
绫,,1.2,1.0,1.1,2024-10-11 00:00:00
绫,,1.3,1.2,1.25,2024-10-11 00:00:00
,,3.0,2.0,2.5,2024-10-11 00:00:00
涓,,5.0,3.5,4.25,2024-10-11 00:00:00
瑗胯,,2.8,1.5,2.15,2024-10-11 00:00:00
璐璐,,1.5,1.2,1.35,2024-10-11 00:00:00
涓,,1.0,0.8,0.9,2024-10-11 00:00:00
挎,,1.8,1.4,1.6,2024-10-11 00:00:00
界,,4.1,3.6,3.85,2024-10-11 00:00:00
ｈ,,7.8,7.5,7.65,2024-10-11 00:00:00
椴,,3.8,3.2,3.5,2024-10-11 00:00:00
,,3.4,2.2,2.8,2024-10-11 00:00:00
娌硅,,2.0,1.8,1.9,2024-10-11 00:00:00
灏借,,2.5,2.0,2.25,2024-10-11 00:00:00
娌归害,,3.0,2.5,2.75,2024-10-11 00:00:00
濂剁借,,3.0,2.0,2.5,2024-10-11 00:00:00
ｇ,,2.3,1.8,2.05,2024-10-11 00:00:00
棣,,7.5,6.5,7.0,2024-10-11 00:00:00
艰,,5.5,4.5,5.0,2024-10-11 00:00:00
垮绉,,3.0,2.0,2.5,2024-10-11 00:00:00
姘磋,,2.5,2.0,2.25,2024-10-11 00:00:00
妯辨,,2.5,1.8,2.15,2024-10-11 00:00:00
棣,,5.5,4.5,5.0,2024-10-11 00:00:00
,,4.0,3.5,3.75,2024-10-11 00:00:00
,,4.0,3.0,3.5,2024-10-11 00:00:00
辫,,2.5,2.0,2.25,2024-10-11 00:00:00
榛蹇,,3.5,2.5,3.0,2024-10-11 00:00:00
,,4.5,3.5,4.0,2024-10-11 00:00:00
